"Name";"Company";"Country";"Nace_4d";"Size_class";"Date_Incorporation";"YearFirstAdoption";"Agegroup";"Quartile";"Nace_2d";"treat";"Group";"distance";"weights";"subclass";"LongIdentifier";"NoPatentsYearGUOtotal";"No_AI_PatentsYearGUOtotal";"Relatedness_GUOs";"RelatednessGUosandSubs";"CurrentYear";"first.treat";"SeqOwner";"id";"Relatedness_Association";"Relatedness_Jaccard";"Relatedness_Prob";"Relatedness_Cosine";"Type";"Relatedness_Assoc2";"Relatedness_Jacc2";"Relatedness_Prob2";"Relatedness_Cos2"
"PEMA HOLDING AG";"CHCHE101732158";"CH";6420;"Large company";1990;"Control";"(1980,2000]";"IQR";64;0;2016;5,65412367705496e-05;1;"2_1";"f7";0;0;NA;NA;2006;0;1;1;NA;NA;NA;NA;NA;0;0;0;0
"PEMA HOLDING AG";"CHCHE101732158";"CH";6420;"Large company";1990;"Control";"(1980,2000]";"IQR";64;0;2016;5,65412367705496e-05;1;"2_1";"f8";0;0;NA;NA;2007;0;1;1;NA;NA;NA;NA;NA;0;0;0;0
"PEMA HOLDING AG";"CHCHE101732158";"CH";6420;"Large company";1990;"Control";"(1980,2000]";"IQR";64;0;2016;5,65412367705496e-05;1;"2_1";"f9";0;0;NA;NA;2008;0;1;1;NA;NA;NA;NA;NA;0;0;0;0
"PEMA HOLDING AG";"CHCHE101732158";"CH";6420;"Large company";1990;"Control";"(1980,2000]";"IQR";64;0;2016;5,65412367705496e-05;1;"2_1";"f10";0;0;NA;NA;2009;0;1;1;NA;NA;NA;NA;NA;0;0;0;0
"PEMA HOLDING AG";"CHCHE101732158";"CH";6420;"Large company";1990;"Control";"(1980,2000]";"IQR";64;0;2016;5,65412367705496e-05;1;"2_1";"f11";0;0;NA;NA;2010;0;1;1;NA;NA;NA;NA;NA;0;0;0;0
"PEMA HOLDING AG";"CHCHE101732158";"CH";6420;"Large company";1990;"Control";"(1980,2000]";"IQR";64;0;2016;5,65412367705496e-05;1;"2_1";"f12";0;0;NA;NA;2011;0;1;1;NA;NA;NA;NA;NA;0;0;0;0
"PEMA HOLDING AG";"CHCHE101732158";"CH";6420;"Large company";1990;"Control";"(1980,2000]";"IQR";64;0;2016;5,65412367705496e-05;1;"2_1";"f13";0;0;NA;NA;2012;0;1;1;NA;NA;NA;NA;NA;0;0;0;0
"PEMA HOLDING AG";"CHCHE101732158";"CH";6420;"Large company";1990;"Control";"(1980,2000]";"IQR";64;0;2016;5,65412367705496e-05;1;"2_1";"f14";3;0;NA;0,777777777777778;2013;0;1;1;0;0;0;0;"MNE";0;0;0;0
"PEMA HOLDING AG";"CHCHE101732158";"CH";6420;"Large company";1990;"Control";"(1980,2000]";"IQR";64;0;2016;5,65412367705496e-05;1;"2_1";"f15";4;0;NA;0,777777777777778;2014;0;1;1;0;0;0;0;"MNE";0;0;0;0
"PEMA HOLDING AG";"CHCHE101732158";"CH";6420;"Large company";1990;"Control";"(1980,2000]";"IQR";64;0;2016;5,65412367705496e-05;1;"2_1";"f16";4;0;NA;0,777777777777778;2015;0;1;1;0;0;0;0;"MNE";0;0;0;0
"PEMA HOLDING AG";"CHCHE101732158";"CH";6420;"Large company";1990;"Control";"(1980,2000]";"IQR";64;0;2016;5,65412367705496e-05;1;"2_1";"f17";7;0;NA;0,571428571428571;2016;0;1;1;0;1;0;1;"MNE";0;1;0;1
"PEMA HOLDING AG";"CHCHE101732158";"CH";6420;"Large company";1990;"Control";"(1980,2000]";"IQR";64;0;2016;5,65412367705496e-05;1;"2_1";"f18";7;0;NA;0,571428571428571;2017;0;1;1;0;1;0;1;"MNE";0;1;0;1
"PEMA HOLDING AG";"CHCHE101732158";"CH";6420;"Large company";1990;"Control";"(1980,2000]";"IQR";64;0;2016;5,65412367705496e-05;1;"2_1";"f19";8;0;NA;0,571428571428571;2018;0;1;1;0;1;0;1;"MNE";0;1;0;1
"PEMA HOLDING AG";"CHCHE101732158";"CH";6420;"Large company";1990;"Control";"(1980,2000]";"IQR";64;0;2016;5,65412367705496e-05;1;"2_1";"f20";8;0;NA;0,571428571428571;2019;0;1;1;0;1;0;1;"MNE";0;1;0;1
"GUANGZHOU SEAGULL KITCHEN AND BATH PRODUCTS COMPANY LIMITED";"CN31649PC";"CN";2814;"Very large company";2003;"Control";"(2000,2005]";"Bottom";28;0;2014;5,41955314424051e-05;1;"1_1";"f7";0;0;NA;NA;2006;0;1;2;NA;NA;NA;NA;NA;0;0;0;0
"GUANGZHOU SEAGULL KITCHEN AND BATH PRODUCTS COMPANY LIMITED";"CN31649PC";"CN";2814;"Very large company";2003;"Control";"(2000,2005]";"Bottom";28;0;2014;5,41955314424051e-05;1;"1_1";"f8";0;0;NA;NA;2007;0;1;2;NA;NA;NA;NA;NA;0;0;0;0
"GUANGZHOU SEAGULL KITCHEN AND BATH PRODUCTS COMPANY LIMITED";"CN31649PC";"CN";2814;"Very large company";2003;"Control";"(2000,2005]";"Bottom";28;0;2014;5,41955314424051e-05;1;"1_1";"f9";1;0;NA;NA;2008;0;1;2;0;0;0;0;"MNE";0;0;0;0
"GUANGZHOU SEAGULL KITCHEN AND BATH PRODUCTS COMPANY LIMITED";"CN31649PC";"CN";2814;"Very large company";2003;"Control";"(2000,2005]";"Bottom";28;0;2014;5,41955314424051e-05;1;"1_1";"f10";11;0;NA;NA;2009;0;1;2;4;8;4;7;"MNE";4;8;4;7
"GUANGZHOU SEAGULL KITCHEN AND BATH PRODUCTS COMPANY LIMITED";"CN31649PC";"CN";2814;"Very large company";2003;"Control";"(2000,2005]";"Bottom";28;0;2014;5,41955314424051e-05;1;"1_1";"f11";15;0;0,25;0,390625;2010;0;1;2;3;6;3;5;"MNE";3;6;3;5
"GUANGZHOU SEAGULL KITCHEN AND BATH PRODUCTS COMPANY LIMITED";"CN31649PC";"CN";2814;"Very large company";2003;"Control";"(2000,2005]";"Bottom";28;0;2014;5,41955314424051e-05;1;"1_1";"f12";39;0;0,166666666666667;0,342560553633218;2011;0;1;2;6;10;6;10;"MNE";6;10;6;10
"GUANGZHOU SEAGULL KITCHEN AND BATH PRODUCTS COMPANY LIMITED";"CN31649PC";"CN";2814;"Very large company";2003;"Control";"(2000,2005]";"Bottom";28;0;2014;5,41955314424051e-05;1;"1_1";"f13";45;0;0,140625;0,384;2012;0;1;2;7;12;7;11;"MNE";7;12;7;11
"GUANGZHOU SEAGULL KITCHEN AND BATH PRODUCTS COMPANY LIMITED";"CN31649PC";"CN";2814;"Very large company";2003;"Control";"(2000,2005]";"Bottom";28;0;2014;5,41955314424051e-05;1;"1_1";"f14";79;0;0,184210526315789;0,295321637426901;2013;0;1;2;17;24;17;22;"MNE";17;24;17;22
"GUANGZHOU SEAGULL KITCHEN AND BATH PRODUCTS COMPANY LIMITED";"CN31649PC";"CN";2814;"Very large company";2003;"Control";"(2000,2005]";"Bottom";28;0;2014;5,41955314424051e-05;1;"1_1";"f15";125;0;0,3584;0,391449991075147;2014;0;1;2;20;27;20;26;"MNE";20;27;20;26
"GUANGZHOU SEAGULL KITCHEN AND BATH PRODUCTS COMPANY LIMITED";"CN31649PC";"CN";2814;"Very large company";2003;"Control";"(2000,2005]";"Bottom";28;0;2014;5,41955314424051e-05;1;"1_1";"f16";0;0;NA;NA;2015;0;1;2;NA;NA;NA;NA;NA;20;27;20;26
"GUANGZHOU SEAGULL KITCHEN AND BATH PRODUCTS COMPANY LIMITED";"CN31649PC";"CN";2814;"Very large company";2003;"Control";"(2000,2005]";"Bottom";28;0;2014;5,41955314424051e-05;1;"1_1";"f17";0;0;NA;NA;2016;0;1;2;NA;NA;NA;NA;NA;20;27;20;26
"GUANGZHOU SEAGULL KITCHEN AND BATH PRODUCTS COMPANY LIMITED";"CN31649PC";"CN";2814;"Very large company";2003;"Control";"(2000,2005]";"Bottom";28;0;2014;5,41955314424051e-05;1;"1_1";"f18";0;0;NA;NA;2017;0;1;2;NA;NA;NA;NA;NA;20;27;20;26
"GUANGZHOU SEAGULL KITCHEN AND BATH PRODUCTS COMPANY LIMITED";"CN31649PC";"CN";2814;"Very large company";2003;"Control";"(2000,2005]";"Bottom";28;0;2014;5,41955314424051e-05;1;"1_1";"f19";0;0;NA;NA;2018;0;1;2;NA;NA;NA;NA;NA;20;27;20;26
"GUANGZHOU SEAGULL KITCHEN AND BATH PRODUCTS COMPANY LIMITED";"CN31649PC";"CN";2814;"Very large company";2003;"Control";"(2000,2005]";"Bottom";28;0;2014;5,41955314424051e-05;1;"1_1";"f20";0;0;NA;NA;2019;0;1;2;NA;NA;NA;NA;NA;20;27;20;26
"GUANGDONG CREATE CENTURY INTELLIGENT EQUIPMENT GROUP CORPORATION LIMITED";"CN40078PC";"CN";2849;"Very large company";2003;"Control";"(2000,2005]";"IQR";28;0;2014;5,03085345745089e-05;1;"1_1";"f7";0;0;NA;NA;2006;0;1;3;NA;NA;NA;NA;NA;2;6;2;5
"GUANGDONG CREATE CENTURY INTELLIGENT EQUIPMENT GROUP CORPORATION LIMITED";"CN40078PC";"CN";2849;"Very large company";2003;"Control";"(2000,2005]";"IQR";28;0;2014;5,03085345745089e-05;1;"1_1";"f8";0;0;NA;NA;2007;0;1;3;NA;NA;NA;NA;NA;2;6;2;5
"GUANGDONG CREATE CENTURY INTELLIGENT EQUIPMENT GROUP CORPORATION LIMITED";"CN40078PC";"CN";2849;"Very large company";2003;"Control";"(2000,2005]";"IQR";28;0;2014;5,03085345745089e-05;1;"1_1";"f9";13;0;NA;NA;2008;0;1;3;2;6;2;5;"MNE";2;6;2;5
"GUANGDONG CREATE CENTURY INTELLIGENT EQUIPMENT GROUP CORPORATION LIMITED";"CN40078PC";"CN";2849;"Very large company";2003;"Control";"(2000,2005]";"IQR";28;0;2014;5,03085345745089e-05;1;"1_1";"f10";26;0;NA;NA;2009;0;1;3;4;10;4;9;"MNE";4;10;4;9
"GUANGDONG CREATE CENTURY INTELLIGENT EQUIPMENT GROUP CORPORATION LIMITED";"CN40078PC";"CN";2849;"Very large company";2003;"Control";"(2000,2005]";"IQR";28;0;2014;5,03085345745089e-05;1;"1_1";"f11";49;0;0,54149486400463;0,54149486400463;2010;0;1;3;7;16;7;14;"MNE";7;16;7;14
"GUANGDONG CREATE CENTURY INTELLIGENT EQUIPMENT GROUP CORPORATION LIMITED";"CN40078PC";"CN";2849;"Very large company";2003;"Control";"(2000,2005]";"IQR";28;0;2014;5,03085345745089e-05;1;"1_1";"f12";132;0;0,710301117913229;0,710301117913229;2011;0;1;3;12;23;12;21;"MNE";12;23;12;21
"GUANGDONG CREATE CENTURY INTELLIGENT EQUIPMENT GROUP CORPORATION LIMITED";"CN40078PC";"CN";2849;"Very large company";2003;"Control";"(2000,2005]";"IQR";28;0;2014;5,03085345745089e-05;1;"1_1";"f13";211;0;0,81411204014956;0,81411204014956;2012;0;1;3;12;23;12;21;"MNE";12;23;12;21
"GUANGDONG CREATE CENTURY INTELLIGENT EQUIPMENT GROUP CORPORATION LIMITED";"CN40078PC";"CN";2849;"Very large company";2003;"Control";"(2000,2005]";"IQR";28;0;2014;5,03085345745089e-05;1;"1_1";"f14";267;0;0,685807601504251;0,685807601504251;2013;0;1;3;14;24;14;23;"MNE";14;24;14;23
"GUANGDONG CREATE CENTURY INTELLIGENT EQUIPMENT GROUP CORPORATION LIMITED";"CN40078PC";"CN";2849;"Very large company";2003;"Control";"(2000,2005]";"IQR";28;0;2014;5,03085345745089e-05;1;"1_1";"f15";359;0;0,882915219654748;0,886074552975899;2014;0;1;3;14;24;14;23;"MNE";14;24;14;23
"GUANGDONG CREATE CENTURY INTELLIGENT EQUIPMENT GROUP CORPORATION LIMITED";"CN40078PC";"CN";2849;"Very large company";2003;"Control";"(2000,2005]";"IQR";28;0;2014;5,03085345745089e-05;1;"1_1";"f16";487;0;0,838560506005067;0,834010719040885;2015;0;1;3;19;28;19;28;"MNE";19;28;19;28
"GUANGDONG CREATE CENTURY INTELLIGENT EQUIPMENT GROUP CORPORATION LIMITED";"CN40078PC";"CN";2849;"Very large company";2003;"Control";"(2000,2005]";"IQR";28;0;2014;5,03085345745089e-05;1;"1_1";"f17";603;0;0,914152801348904;0,909348974442097;2016;0;1;3;22;31;22;30;"MNE";22;31;22;30
"GUANGDONG CREATE CENTURY INTELLIGENT EQUIPMENT GROUP CORPORATION LIMITED";"CN40078PC";"CN";2849;"Very large company";2003;"Control";"(2000,2005]";"IQR";28;0;2014;5,03085345745089e-05;1;"1_1";"f18";706;0;0,918345761886418;0,913637955867193;2017;0;1;3;25;35;25;34;"MNE";25;35;25;34
"GUANGDONG CREATE CENTURY INTELLIGENT EQUIPMENT GROUP CORPORATION LIMITED";"CN40078PC";"CN";2849;"Very large company";2003;"Control";"(2000,2005]";"IQR";28;0;2014;5,03085345745089e-05;1;"1_1";"f19";777;0;0,815529447800104;0,812285858485597;2018;0;1;3;26;35;26;34;"MNE";26;35;26;34
"GUANGDONG CREATE CENTURY INTELLIGENT EQUIPMENT GROUP CORPORATION LIMITED";"CN40078PC";"CN";2849;"Very large company";2003;"Control";"(2000,2005]";"IQR";28;0;2014;5,03085345745089e-05;1;"1_1";"f20";770;0;0,794350541458498;0,791022569711248;2019;0;1;3;25;34;25;34;"MNE";25;34;25;34
"HUACHANGDA INTELLIGENT EQUIPMENT GROUP COMPANY LIMITED";"CN40533PC";"CN";2829;"Very large company";2003;"2014";"(2000,2005]";"IQR";28;1;2014;5,63063772153967e-05;1;"1_1";"f7";0;0;NA;NA;2006;2014;1;4;NA;NA;NA;NA;NA;1;1;1;2
"HUACHANGDA INTELLIGENT EQUIPMENT GROUP COMPANY LIMITED";"CN40533PC";"CN";2829;"Very large company";2003;"2014";"(2000,2005]";"IQR";28;1;2014;5,63063772153967e-05;1;"1_1";"f8";11;0;NA;NA;2007;2014;1;4;1;1;1;2;"MNE";1;1;1;2
"HUACHANGDA INTELLIGENT EQUIPMENT GROUP COMPANY LIMITED";"CN40533PC";"CN";2829;"Very large company";2003;"2014";"(2000,2005]";"IQR";28;1;2014;5,63063772153967e-05;1;"1_1";"f9";11;0;NA;NA;2008;2014;1;4;1;2;1;2;"MNE";1;2;1;2
"HUACHANGDA INTELLIGENT EQUIPMENT GROUP COMPANY LIMITED";"CN40533PC";"CN";2829;"Very large company";2003;"2014";"(2000,2005]";"IQR";28;1;2014;5,63063772153967e-05;1;"1_1";"f10";12;0;NA;NA;2009;2014;1;4;1;2;1;2;"MNE";1;2;1;2
"HUACHANGDA INTELLIGENT EQUIPMENT GROUP COMPANY LIMITED";"CN40533PC";"CN";2829;"Very large company";2003;"2014";"(2000,2005]";"IQR";28;1;2014;5,63063772153967e-05;1;"1_1";"f11";12;0;NA;0,743801652892562;2010;2014;1;4;1;2;1;2;"MNE";1;2;1;2
"HUACHANGDA INTELLIGENT EQUIPMENT GROUP COMPANY LIMITED";"CN40533PC";"CN";2829;"Very large company";2003;"2014";"(2000,2005]";"IQR";28;1;2014;5,63063772153967e-05;1;"1_1";"f12";13;0;NA;0,743801652892562;2011;2014;1;4;1;2;1;2;"MNE";1;2;1;2
"HUACHANGDA INTELLIGENT EQUIPMENT GROUP COMPANY LIMITED";"CN40533PC";"CN";2829;"Very large company";2003;"2014";"(2000,2005]";"IQR";28;1;2014;5,63063772153967e-05;1;"1_1";"f13";39;0;0,266666666666667;0,456140350877193;2012;2014;1;4;5;7;5;7;"MNE";5;7;5;7
"HUACHANGDA INTELLIGENT EQUIPMENT GROUP COMPANY LIMITED";"CN40533PC";"CN";2829;"Very large company";2003;"2014";"(2000,2005]";"IQR";28;1;2014;5,63063772153967e-05;1;"1_1";"f14";117;0;0,301736111111111;0,437962962962963;2013;2014;1;4;7;10;7;10;"MNE";7;10;7;10
"HUACHANGDA INTELLIGENT EQUIPMENT GROUP COMPANY LIMITED";"CN40533PC";"CN";2829;"Very large company";2003;"2014";"(2000,2005]";"IQR";28;1;2014;5,63063772153967e-05;1;"1_1";"f15";131;1;0,448;0,51842382923464;2014;2014;1;4;7;11;7;10;"MNE";7;11;7;10
"HUACHANGDA INTELLIGENT EQUIPMENT GROUP COMPANY LIMITED";"CN40533PC";"CN";2829;"Very large company";2003;"2014";"(2000,2005]";"IQR";28;1;2014;5,63063772153967e-05;1;"1_1";"f16";160;1;0,448;0,497576177285319;2015;2014;1;4;7;11;7;11;"MNE";7;11;7;11
"HUACHANGDA INTELLIGENT EQUIPMENT GROUP COMPANY LIMITED";"CN40533PC";"CN";2829;"Very large company";2003;"2014";"(2000,2005]";"IQR";28;1;2014;5,63063772153967e-05;1;"1_1";"f17";179;1;0,463344002438653;0,506875;2016;2014;1;4;8;13;8;12;"MNE";8;13;8;12
"HUACHANGDA INTELLIGENT EQUIPMENT GROUP COMPANY LIMITED";"CN40533PC";"CN";2829;"Very large company";2003;"2014";"(2000,2005]";"IQR";28;1;2014;5,63063772153967e-05;1;"1_1";"f18";187;1;0,463344002438653;0,443543388429752;2017;2014;1;4;9;13;9;13;"MNE";9;13;9;13
"HUACHANGDA INTELLIGENT EQUIPMENT GROUP COMPANY LIMITED";"CN40533PC";"CN";2829;"Very large company";2003;"2014";"(2000,2005]";"IQR";28;1;2014;5,63063772153967e-05;1;"1_1";"f19";199;1;0,463344002438653;0,277363139234421;2018;2014;1;4;9;15;9;14;"MNE";9;15;9;14
"HUACHANGDA INTELLIGENT EQUIPMENT GROUP COMPANY LIMITED";"CN40533PC";"CN";2829;"Very large company";2003;"2014";"(2000,2005]";"IQR";28;1;2014;5,63063772153967e-05;1;"1_1";"f20";211;1;0,463344002438653;0,38601321150271;2019;2014;1;4;11;17;11;16;"MNE";11;17;11;16
"SUZHOU DOUSON DRILLING & PRODUCTION EQUIPMENT COMPANY LIMITED";"CN43215PC";"CN";2899;"Very large company";2001;"Control";"(2000,2005]";"IQR";28;0;2014;5,97576717754313e-05;1;"1_1";"f7";0;0;NA;NA;2006;0;1;5;NA;NA;NA;NA;NA;0;0;0;0
"SUZHOU DOUSON DRILLING & PRODUCTION EQUIPMENT COMPANY LIMITED";"CN43215PC";"CN";2899;"Very large company";2001;"Control";"(2000,2005]";"IQR";28;0;2014;5,97576717754313e-05;1;"1_1";"f8";0;0;NA;NA;2007;0;1;5;NA;NA;NA;NA;NA;0;0;0;0
"SUZHOU DOUSON DRILLING & PRODUCTION EQUIPMENT COMPANY LIMITED";"CN43215PC";"CN";2899;"Very large company";2001;"Control";"(2000,2005]";"IQR";28;0;2014;5,97576717754313e-05;1;"1_1";"f9";0;0;NA;NA;2008;0;1;5;NA;NA;NA;NA;NA;0;0;0;0
"SUZHOU DOUSON DRILLING & PRODUCTION EQUIPMENT COMPANY LIMITED";"CN43215PC";"CN";2899;"Very large company";2001;"Control";"(2000,2005]";"IQR";28;0;2014;5,97576717754313e-05;1;"1_1";"f10";4;0;NA;NA;2009;0;1;5;0;0;0;0;"MNE";0;0;0;0
"SUZHOU DOUSON DRILLING & PRODUCTION EQUIPMENT COMPANY LIMITED";"CN43215PC";"CN";2899;"Very large company";2001;"Control";"(2000,2005]";"IQR";28;0;2014;5,97576717754313e-05;1;"1_1";"f11";4;0;0;0;2010;0;1;5;0;0;0;0;"MNE";0;0;0;0
"SUZHOU DOUSON DRILLING & PRODUCTION EQUIPMENT COMPANY LIMITED";"CN43215PC";"CN";2899;"Very large company";2001;"Control";"(2000,2005]";"IQR";28;0;2014;5,97576717754313e-05;1;"1_1";"f12";4;0;0;0;2011;0;1;5;0;0;0;0;"MNE";0;0;0;0
"SUZHOU DOUSON DRILLING & PRODUCTION EQUIPMENT COMPANY LIMITED";"CN43215PC";"CN";2899;"Very large company";2001;"Control";"(2000,2005]";"IQR";28;0;2014;5,97576717754313e-05;1;"1_1";"f13";32;0;0,16;0,280612244897959;2012;0;1;5;6;10;6;9;"MNE";6;10;6;9
"SUZHOU DOUSON DRILLING & PRODUCTION EQUIPMENT COMPANY LIMITED";"CN43215PC";"CN";2899;"Very large company";2001;"Control";"(2000,2005]";"IQR";28;0;2014;5,97576717754313e-05;1;"1_1";"f14";52;0;0,326530612244898;0,3515625;2013;0;1;5;6;10;6;9;"MNE";6;10;6;9
"SUZHOU DOUSON DRILLING & PRODUCTION EQUIPMENT COMPANY LIMITED";"CN43215PC";"CN";2899;"Very large company";2001;"Control";"(2000,2005]";"IQR";28;0;2014;5,97576717754313e-05;1;"1_1";"f15";90;0;0,53125;0,436213991769547;2014;0;1;5;11;16;11;15;"MNE";11;16;11;15
"SUZHOU DOUSON DRILLING & PRODUCTION EQUIPMENT COMPANY LIMITED";"CN43215PC";"CN";2899;"Very large company";2001;"Control";"(2000,2005]";"IQR";28;0;2014;5,97576717754313e-05;1;"1_1";"f16";121;0;0,53125;0,399659863945578;2015;0;1;5;11;17;11;16;"MNE";11;17;11;16
"SUZHOU DOUSON DRILLING & PRODUCTION EQUIPMENT COMPANY LIMITED";"CN43215PC";"CN";2899;"Very large company";2001;"Control";"(2000,2005]";"IQR";28;0;2014;5,97576717754313e-05;1;"1_1";"f17";139;0;0,374485596707819;0,441259259259259;2016;0;1;5;15;22;15;21;"MNE";15;22;15;21
"SUZHOU DOUSON DRILLING & PRODUCTION EQUIPMENT COMPANY LIMITED";"CN43215PC";"CN";2899;"Very large company";2001;"Control";"(2000,2005]";"IQR";28;0;2014;5,97576717754313e-05;1;"1_1";"f18";151;0;0,395937211449677;0,464446756850503;2017;0;1;5;15;22;15;21;"MNE";15;22;15;21
"SUZHOU DOUSON DRILLING & PRODUCTION EQUIPMENT COMPANY LIMITED";"CN43215PC";"CN";2899;"Very large company";2001;"Control";"(2000,2005]";"IQR";28;0;2014;5,97576717754313e-05;1;"1_1";"f19";177;0;0,381428571428571;0,46875;2018;0;1;5;15;23;15;21;"MNE";15;23;15;21
"SUZHOU DOUSON DRILLING & PRODUCTION EQUIPMENT COMPANY LIMITED";"CN43215PC";"CN";2899;"Very large company";2001;"Control";"(2000,2005]";"IQR";28;0;2014;5,97576717754313e-05;1;"1_1";"f20";197;0;0,489767807949626;0,544;2019;0;1;5;16;25;16;23;"MNE";16;25;16;23
"YINDU KITCHEN EQUIPMENT COMPANY LIMITED";"CN43879PC";"CN";2893;"Very large company";2003;"Control";"(2000,2005]";"Bottom";28;0;2014;4,59230897983269e-05;1;"1_1";"f7";0;0;NA;NA;2006;0;1;6;NA;NA;NA;NA;NA;6;6;6;6
"YINDU KITCHEN EQUIPMENT COMPANY LIMITED";"CN43879PC";"CN";2893;"Very large company";2003;"Control";"(2000,2005]";"Bottom";28;0;2014;4,59230897983269e-05;1;"1_1";"f8";0;0;NA;NA;2007;0;1;6;NA;NA;NA;NA;NA;6;6;6;6
"YINDU KITCHEN EQUIPMENT COMPANY LIMITED";"CN43879PC";"CN";2893;"Very large company";2003;"Control";"(2000,2005]";"Bottom";28;0;2014;4,59230897983269e-05;1;"1_1";"f9";0;0;NA;NA;2008;0;1;6;NA;NA;NA;NA;NA;6;6;6;6
"YINDU KITCHEN EQUIPMENT COMPANY LIMITED";"CN43879PC";"CN";2893;"Very large company";2003;"Control";"(2000,2005]";"Bottom";28;0;2014;4,59230897983269e-05;1;"1_1";"f10";0;0;NA;NA;2009;0;1;6;NA;NA;NA;NA;NA;6;6;6;6
"YINDU KITCHEN EQUIPMENT COMPANY LIMITED";"CN43879PC";"CN";2893;"Very large company";2003;"Control";"(2000,2005]";"Bottom";28;0;2014;4,59230897983269e-05;1;"1_1";"f11";0;0;NA;NA;2010;0;1;6;NA;NA;NA;NA;NA;6;6;6;6
"YINDU KITCHEN EQUIPMENT COMPANY LIMITED";"CN43879PC";"CN";2893;"Very large company";2003;"Control";"(2000,2005]";"Bottom";28;0;2014;4,59230897983269e-05;1;"1_1";"f12";13;0;0,288065843621399;0,288065843621399;2011;0;1;6;6;6;6;6;"MNE";6;6;6;6
"YINDU KITCHEN EQUIPMENT COMPANY LIMITED";"CN43879PC";"CN";2893;"Very large company";2003;"Control";"(2000,2005]";"Bottom";28;0;2014;4,59230897983269e-05;1;"1_1";"f13";22;0;0,192837465564738;0,192837465564738;2012;0;1;6;11;12;11;12;"MNE";11;12;11;12
"YINDU KITCHEN EQUIPMENT COMPANY LIMITED";"CN43879PC";"CN";2893;"Very large company";2003;"Control";"(2000,2005]";"Bottom";28;0;2014;4,59230897983269e-05;1;"1_1";"f14";28;0;0,138067061143984;0,138067061143984;2013;0;1;6;10;12;10;12;"MNE";10;12;10;12
"YINDU KITCHEN EQUIPMENT COMPANY LIMITED";"CN43879PC";"CN";2893;"Very large company";2003;"Control";"(2000,2005]";"Bottom";28;0;2014;4,59230897983269e-05;1;"1_1";"f15";46;0;0,207407407407407;0,207407407407407;2014;0;1;6;16;20;16;19;"MNE";16;20;16;19
"YINDU KITCHEN EQUIPMENT COMPANY LIMITED";"CN43879PC";"CN";2893;"Very large company";2003;"Control";"(2000,2005]";"Bottom";28;0;2014;4,59230897983269e-05;1;"1_1";"f16";57;0;0,294090489381348;0,294090489381348;2015;0;1;6;17;23;17;21;"MNE";17;23;17;21
"YINDU KITCHEN EQUIPMENT COMPANY LIMITED";"CN43879PC";"CN";2893;"Very large company";2003;"Control";"(2000,2005]";"Bottom";28;0;2014;4,59230897983269e-05;1;"1_1";"f17";64;0;0,339335180055402;0,339335180055402;2016;0;1;6;18;23;18;22;"MNE";18;23;18;22
"YINDU KITCHEN EQUIPMENT COMPANY LIMITED";"CN43879PC";"CN";2893;"Very large company";2003;"Control";"(2000,2005]";"Bottom";28;0;2014;4,59230897983269e-05;1;"1_1";"f18";72;0;0,427685950413223;0,427685950413223;2017;0;1;6;18;24;18;22;"MNE";18;24;18;22
"YINDU KITCHEN EQUIPMENT COMPANY LIMITED";"CN43879PC";"CN";2893;"Very large company";2003;"Control";"(2000,2005]";"Bottom";28;0;2014;4,59230897983269e-05;1;"1_1";"f19";80;0;0,423305428031326;0,423305428031326;2018;0;1;6;18;24;18;23;"MNE";18;24;18;23
"YINDU KITCHEN EQUIPMENT COMPANY LIMITED";"CN43879PC";"CN";2893;"Very large company";2003;"Control";"(2000,2005]";"Bottom";28;0;2014;4,59230897983269e-05;1;"1_1";"f20";83;0;0,423305428031326;0,423305428031326;2019;0;1;6;18;24;18;23;"MNE";18;24;18;23
"SHANDONG KERUI PETROLEUM EQUIPMENT CO., LTD.";"CN9360003076";"CN";2899;"Very large company";2004;"Control";"(2000,2005]";"IQR";28;0;2014;4,65808050812566e-05;1;"1_1";"f7";0;0;NA;NA;2006;0;1;7;NA;NA;NA;NA;NA;0;0;0;0
"SHANDONG KERUI PETROLEUM EQUIPMENT CO., LTD.";"CN9360003076";"CN";2899;"Very large company";2004;"Control";"(2000,2005]";"IQR";28;0;2014;4,65808050812566e-05;1;"1_1";"f8";0;0;NA;NA;2007;0;1;7;NA;NA;NA;NA;NA;0;0;0;0
"SHANDONG KERUI PETROLEUM EQUIPMENT CO., LTD.";"CN9360003076";"CN";2899;"Very large company";2004;"Control";"(2000,2005]";"IQR";28;0;2014;4,65808050812566e-05;1;"1_1";"f9";0;0;NA;NA;2008;0;1;7;NA;NA;NA;NA;NA;0;0;0;0
"SHANDONG KERUI PETROLEUM EQUIPMENT CO., LTD.";"CN9360003076";"CN";2899;"Very large company";2004;"Control";"(2000,2005]";"IQR";28;0;2014;4,65808050812566e-05;1;"1_1";"f10";0;0;NA;NA;2009;0;1;7;NA;NA;NA;NA;NA;0;0;0;0
"SHANDONG KERUI PETROLEUM EQUIPMENT CO., LTD.";"CN9360003076";"CN";2899;"Very large company";2004;"Control";"(2000,2005]";"IQR";28;0;2014;4,65808050812566e-05;1;"1_1";"f11";0;0;NA;NA;2010;0;1;7;NA;NA;NA;NA;NA;0;0;0;0
"SHANDONG KERUI PETROLEUM EQUIPMENT CO., LTD.";"CN9360003076";"CN";2899;"Very large company";2004;"Control";"(2000,2005]";"IQR";28;0;2014;4,65808050812566e-05;1;"1_1";"f12";1;0;0;0;2011;0;1;7;0;0;0;0;"MNE";0;0;0;0
"SHANDONG KERUI PETROLEUM EQUIPMENT CO., LTD.";"CN9360003076";"CN";2899;"Very large company";2004;"Control";"(2000,2005]";"IQR";28;0;2014;4,65808050812566e-05;1;"1_1";"f13";8;0;0,111111111111111;0,111111111111111;2012;0;1;7;3;5;3;5;"MNE";3;5;3;5
"SHANDONG KERUI PETROLEUM EQUIPMENT CO., LTD.";"CN9360003076";"CN";2899;"Very large company";2004;"Control";"(2000,2005]";"IQR";28;0;2014;4,65808050812566e-05;1;"1_1";"f14";14;0;0,0493827160493827;0,0493827160493827;2013;0;1;7;5;9;5;8;"MNE";5;9;5;8
"SHANDONG KERUI PETROLEUM EQUIPMENT CO., LTD.";"CN9360003076";"CN";2899;"Very large company";2004;"Control";"(2000,2005]";"IQR";28;0;2014;4,65808050812566e-05;1;"1_1";"f15";28;0;0,046875;0,046875;2014;0;1;7;5;9;5;8;"MNE";5;9;5;8
"SHANDONG KERUI PETROLEUM EQUIPMENT CO., LTD.";"CN9360003076";"CN";2899;"Very large company";2004;"Control";"(2000,2005]";"IQR";28;0;2014;4,65808050812566e-05;1;"1_1";"f16";46;0;0,138888888888889;0,138888888888889;2015;0;1;7;7;11;7;10;"MNE";7;11;7;10
"SHANDONG KERUI PETROLEUM EQUIPMENT CO., LTD.";"CN9360003076";"CN";2899;"Very large company";2004;"Control";"(2000,2005]";"IQR";28;0;2014;4,65808050812566e-05;1;"1_1";"f17";46;0;0,138888888888889;0,138888888888889;2016;0;1;7;7;11;7;10;"MNE";7;11;7;10
"SHANDONG KERUI PETROLEUM EQUIPMENT CO., LTD.";"CN9360003076";"CN";2899;"Very large company";2004;"Control";"(2000,2005]";"IQR";28;0;2014;4,65808050812566e-05;1;"1_1";"f18";50;0;0,249657064471879;0,249657064471879;2017;0;1;7;7;12;7;11;"MNE";7;12;7;11
"SHANDONG KERUI PETROLEUM EQUIPMENT CO., LTD.";"CN9360003076";"CN";2899;"Very large company";2004;"Control";"(2000,2005]";"IQR";28;0;2014;4,65808050812566e-05;1;"1_1";"f19";51;0;0,232142857142857;0,232142857142857;2018;0;1;7;6;11;6;10;"MNE";6;11;6;10
"SHANDONG KERUI PETROLEUM EQUIPMENT CO., LTD.";"CN9360003076";"CN";2899;"Very large company";2004;"Control";"(2000,2005]";"IQR";28;0;2014;4,65808050812566e-05;1;"1_1";"f20";54;0;0,226666666666667;0,226666666666667;2019;0;1;7;8;14;8;13;"MNE";8;14;8;13
"HANGZHOU PARADISE UMBRELLA GROUP CO., LTD.";"CN9360135568";"CN";3299;"Very large company";1997;"Control";"(1980,2000]";"Bottom";32;0;2018;0,000110518208843066;1;"4_1";"f7";4;0;NA;NA;2006;0;1;8;0;0;0;0;"MNE";0;0;0;0
"HANGZHOU PARADISE UMBRELLA GROUP CO., LTD.";"CN9360135568";"CN";3299;"Very large company";1997;"Control";"(1980,2000]";"Bottom";32;0;2018;0,000110518208843066;1;"4_1";"f8";6;0;NA;NA;2007;0;1;8;0;0;0;0;"MNE";0;0;0;0
"HANGZHOU PARADISE UMBRELLA GROUP CO., LTD.";"CN9360135568";"CN";3299;"Very large company";1997;"Control";"(1980,2000]";"Bottom";32;0;2018;0,000110518208843066;1;"4_1";"f9";10;0;NA;NA;2008;0;1;8;1;1;1;1;"MNE";1;1;1;1
"HANGZHOU PARADISE UMBRELLA GROUP CO., LTD.";"CN9360135568";"CN";3299;"Very large company";1997;"Control";"(1980,2000]";"Bottom";32;0;2018;0,000110518208843066;1;"4_1";"f10";14;0;NA;NA;2009;0;1;8;1;1;1;1;"MNE";1;1;1;1
"HANGZHOU PARADISE UMBRELLA GROUP CO., LTD.";"CN9360135568";"CN";3299;"Very large company";1997;"Control";"(1980,2000]";"Bottom";32;0;2018;0,000110518208843066;1;"4_1";"f11";21;0;0,844618055555556;0,844618055555556;2010;0;1;8;1;1;1;1;"MNE";1;1;1;1
"HANGZHOU PARADISE UMBRELLA GROUP CO., LTD.";"CN9360135568";"CN";3299;"Very large company";1997;"Control";"(1980,2000]";"Bottom";32;0;2018;0,000110518208843066;1;"4_1";"f12";24;0;0,748173779315648;0,748173779315648;2011;0;1;8;1;2;1;2;"MNE";1;2;1;2
"HANGZHOU PARADISE UMBRELLA GROUP CO., LTD.";"CN9360135568";"CN";3299;"Very large company";1997;"Control";"(1980,2000]";"Bottom";32;0;2018;0,000110518208843066;1;"4_1";"f13";29;0;0,727513227513228;0,727513227513228;2012;0;1;8;2;4;2;3;"MNE";2;4;2;3
"HANGZHOU PARADISE UMBRELLA GROUP CO., LTD.";"CN9360135568";"CN";3299;"Very large company";1997;"Control";"(1980,2000]";"Bottom";32;0;2018;0,000110518208843066;1;"4_1";"f14";36;0;0,807380952380952;0,807380952380952;2013;0;1;8;4;7;4;6;"MNE";4;7;4;6
"HANGZHOU PARADISE UMBRELLA GROUP CO., LTD.";"CN9360135568";"CN";3299;"Very large company";1997;"Control";"(1980,2000]";"Bottom";32;0;2018;0,000110518208843066;1;"4_1";"f15";45;0;0,902028549962434;0,902028549962434;2014;0;1;8;9;14;9;12;"MNE";9;14;9;12
"HANGZHOU PARADISE UMBRELLA GROUP CO., LTD.";"CN9360135568";"CN";3299;"Very large company";1997;"Control";"(1980,2000]";"Bottom";32;0;2018;0,000110518208843066;1;"4_1";"f16";48;0;0,902028549962434;0,902028549962434;2015;0;1;8;9;14;9;12;"MNE";9;14;9;12
"HANGZHOU PARADISE UMBRELLA GROUP CO., LTD.";"CN9360135568";"CN";3299;"Very large company";1997;"Control";"(1980,2000]";"Bottom";32;0;2018;0,000110518208843066;1;"4_1";"f17";57;0;0,825296442687747;0,825296442687747;2016;0;1;8;9;13;9;12;"MNE";9;13;9;12
"HANGZHOU PARADISE UMBRELLA GROUP CO., LTD.";"CN9360135568";"CN";3299;"Very large company";1997;"Control";"(1980,2000]";"Bottom";32;0;2018;0,000110518208843066;1;"4_1";"f18";68;0;0,825296442687747;0,825296442687747;2017;0;1;8;9;14;9;12;"MNE";9;14;9;12
"HANGZHOU PARADISE UMBRELLA GROUP CO., LTD.";"CN9360135568";"CN";3299;"Very large company";1997;"Control";"(1980,2000]";"Bottom";32;0;2018;0,000110518208843066;1;"4_1";"f19";74;0;0,825296442687747;0,825296442687747;2018;0;1;8;9;14;9;12;"MNE";9;14;9;12
"HANGZHOU PARADISE UMBRELLA GROUP CO., LTD.";"CN9360135568";"CN";3299;"Very large company";1997;"Control";"(1980,2000]";"Bottom";32;0;2018;0,000110518208843066;1;"4_1";"f20";74;0;0,825296442687747;0,825296442687747;2019;0;1;8;9;14;9;12;"MNE";9;14;9;12
"DEMANT A/S";"DK71186911";"DK";3250;"Very large company";1983;"Control";"(1980,2000]";"IQR";32;0;2018;0,000107133211452068;1;"4_1";"f7";41;0;NA;NA;2006;0;1;9;8;16;8;14;"MNE";8;16;8;14
"DEMANT A/S";"DK71186911";"DK";3250;"Very large company";1983;"Control";"(1980,2000]";"IQR";32;0;2018;0,000107133211452068;1;"4_1";"f8";46;0;NA;NA;2007;0;1;9;10;16;10;15;"MNE";10;16;10;15
"DEMANT A/S";"DK71186911";"DK";3250;"Very large company";1983;"Control";"(1980,2000]";"IQR";32;0;2018;0,000107133211452068;1;"4_1";"f9";49;0;NA;NA;2008;0;1;9;13;21;13;20;"MNE";13;21;13;20
"DEMANT A/S";"DK71186911";"DK";3250;"Very large company";1983;"Control";"(1980,2000]";"IQR";32;0;2018;0,000107133211452068;1;"4_1";"f10";49;0;NA;NA;2009;0;1;9;11;16;11;16;"MNE";11;16;11;16
"DEMANT A/S";"DK71186911";"DK";3250;"Very large company";1983;"Control";"(1980,2000]";"IQR";32;0;2018;0,000107133211452068;1;"4_1";"f11";47;0;NA;0,645007515151515;2010;0;1;9;11;15;11;15;"MNE";11;15;11;15
"DEMANT A/S";"DK71186911";"DK";3250;"Very large company";1983;"Control";"(1980,2000]";"IQR";32;0;2018;0,000107133211452068;1;"4_1";"f12";49;0;NA;0,645007515151515;2011;0;1;9;11;15;11;15;"MNE";11;15;11;15
"DEMANT A/S";"DK71186911";"DK";3250;"Very large company";1983;"Control";"(1980,2000]";"IQR";32;0;2018;0,000107133211452068;1;"4_1";"f13";50;0;NA;0,645007515151515;2012;0;1;9;11;15;11;15;"MNE";11;15;11;15
"DEMANT A/S";"DK71186911";"DK";3250;"Very large company";1983;"Control";"(1980,2000]";"IQR";32;0;2018;0,000107133211452068;1;"4_1";"f14";52;0;NA;0,610583272727273;2013;0;1;9;10;16;10;16;"MNE";10;16;10;16
"DEMANT A/S";"DK71186911";"DK";3250;"Very large company";1983;"Control";"(1980,2000]";"IQR";32;0;2018;0,000107133211452068;1;"4_1";"f15";54;0;NA;0,610583272727273;2014;0;1;9;10;16;10;16;"MNE";10;16;10;16
"DEMANT A/S";"DK71186911";"DK";3250;"Very large company";1983;"Control";"(1980,2000]";"IQR";32;0;2018;0,000107133211452068;1;"4_1";"f16";63;0;NA;0,640693333333333;2015;0;1;9;11;16;11;16;"MNE";11;16;11;16
"DEMANT A/S";"DK71186911";"DK";3250;"Very large company";1983;"Control";"(1980,2000]";"IQR";32;0;2018;0,000107133211452068;1;"4_1";"f17";69;0;NA;0,652726857142857;2016;0;1;9;11;16;10;16;"MNE";11;16;10;16
"DEMANT A/S";"DK71186911";"DK";3250;"Very large company";1983;"Control";"(1980,2000]";"IQR";32;0;2018;0,000107133211452068;1;"4_1";"f18";69;0;NA;0,652726857142857;2017;0;1;9;11;15;11;16;"MNE";11;15;11;16
"DEMANT A/S";"DK71186911";"DK";3250;"Very large company";1983;"Control";"(1980,2000]";"IQR";32;0;2018;0,000107133211452068;1;"4_1";"f19";71;0;NA;0,660631794871795;2018;0;1;9;10;15;10;16;"MNE";10;15;10;16
"DEMANT A/S";"DK71186911";"DK";3250;"Very large company";1983;"Control";"(1980,2000]";"IQR";32;0;2018;0,000107133211452068;1;"4_1";"f20";66;0;NA;0,633173333333333;2019;0;1;9;10;16;10;16;"MNE";10;16;10;16
"P/F PALLI HJA MARIANNU";"DKFO2450";"DK";6420;"Large company";1998;"Control";"(1980,2000]";"IQR";64;0;2016;5,51176159088078e-05;1;"2_1";"f7";0;0;NA;NA;2006;0;1;10;NA;NA;NA;NA;NA;0;0;0;0
"P/F PALLI HJA MARIANNU";"DKFO2450";"DK";6420;"Large company";1998;"Control";"(1980,2000]";"IQR";64;0;2016;5,51176159088078e-05;1;"2_1";"f8";0;0;NA;NA;2007;0;1;10;NA;NA;NA;NA;NA;0;0;0;0
"P/F PALLI HJA MARIANNU";"DKFO2450";"DK";6420;"Large company";1998;"Control";"(1980,2000]";"IQR";64;0;2016;5,51176159088078e-05;1;"2_1";"f9";0;0;NA;NA;2008;0;1;10;NA;NA;NA;NA;NA;0;0;0;0
"P/F PALLI HJA MARIANNU";"DKFO2450";"DK";6420;"Large company";1998;"Control";"(1980,2000]";"IQR";64;0;2016;5,51176159088078e-05;1;"2_1";"f10";0;0;NA;NA;2009;0;1;10;NA;NA;NA;NA;NA;0;0;0;0
"P/F PALLI HJA MARIANNU";"DKFO2450";"DK";6420;"Large company";1998;"Control";"(1980,2000]";"IQR";64;0;2016;5,51176159088078e-05;1;"2_1";"f11";1;0;NA;1;2010;0;1;10;0;0;0;0;"MNE";0;0;0;0
"P/F PALLI HJA MARIANNU";"DKFO2450";"DK";6420;"Large company";1998;"Control";"(1980,2000]";"IQR";64;0;2016;5,51176159088078e-05;1;"2_1";"f12";1;0;NA;1;2011;0;1;10;0;0;0;0;"MNE";0;0;0;0
"P/F PALLI HJA MARIANNU";"DKFO2450";"DK";6420;"Large company";1998;"Control";"(1980,2000]";"IQR";64;0;2016;5,51176159088078e-05;1;"2_1";"f13";2;0;NA;1;2012;0;1;10;0;0;0;0;"MNE";0;0;0;0
"P/F PALLI HJA MARIANNU";"DKFO2450";"DK";6420;"Large company";1998;"Control";"(1980,2000]";"IQR";64;0;2016;5,51176159088078e-05;1;"2_1";"f14";2;0;NA;1;2013;0;1;10;0;0;0;0;"MNE";0;0;0;0
"P/F PALLI HJA MARIANNU";"DKFO2450";"DK";6420;"Large company";1998;"Control";"(1980,2000]";"IQR";64;0;2016;5,51176159088078e-05;1;"2_1";"f15";2;0;NA;1;2014;0;1;10;0;0;0;0;"MNE";0;0;0;0
"P/F PALLI HJA MARIANNU";"DKFO2450";"DK";6420;"Large company";1998;"Control";"(1980,2000]";"IQR";64;0;2016;5,51176159088078e-05;1;"2_1";"f16";4;0;NA;0,888888888888889;2015;0;1;10;0;0;0;0;"MNE";0;0;0;0
"P/F PALLI HJA MARIANNU";"DKFO2450";"DK";6420;"Large company";1998;"Control";"(1980,2000]";"IQR";64;0;2016;5,51176159088078e-05;1;"2_1";"f17";6;0;NA;0,888888888888889;2016;0;1;10;0;0;0;0;"MNE";0;0;0;0
"P/F PALLI HJA MARIANNU";"DKFO2450";"DK";6420;"Large company";1998;"Control";"(1980,2000]";"IQR";64;0;2016;5,51176159088078e-05;1;"2_1";"f18";9;0;NA;0,888888888888889;2017;0;1;10;0;0;0;0;"MNE";0;0;0;0
"P/F PALLI HJA MARIANNU";"DKFO2450";"DK";6420;"Large company";1998;"Control";"(1980,2000]";"IQR";64;0;2016;5,51176159088078e-05;1;"2_1";"f19";12;0;NA;0,8;2018;0;1;10;0;0;0;0;"MNE";0;0;0;0
"P/F PALLI HJA MARIANNU";"DKFO2450";"DK";6420;"Large company";1998;"Control";"(1980,2000]";"IQR";64;0;2016;5,51176159088078e-05;1;"2_1";"f20";11;0;NA;0,916666666666667;2019;0;1;10;0;0;0;0;"MNE";0;0;0;0
"DUBAPI SL";"ESB62432513";"ES";6420;"Large company";2000;"Control";"(1980,2000]";"IQR";64;0;2016;5,59294430091797e-05;1;"2_1";"f7";2;0;NA;NA;2006;0;1;11;0;0;0;0;"MNE";0;0;0;0
"DUBAPI SL";"ESB62432513";"ES";6420;"Large company";2000;"Control";"(1980,2000]";"IQR";64;0;2016;5,59294430091797e-05;1;"2_1";"f8";3;0;NA;NA;2007;0;1;11;0;0;0;0;"MNE";0;0;0;0
"DUBAPI SL";"ESB62432513";"ES";6420;"Large company";2000;"Control";"(1980,2000]";"IQR";64;0;2016;5,59294430091797e-05;1;"2_1";"f9";3;0;NA;NA;2008;0;1;11;0;0;0;0;"MNE";0;0;0;0
"DUBAPI SL";"ESB62432513";"ES";6420;"Large company";2000;"Control";"(1980,2000]";"IQR";64;0;2016;5,59294430091797e-05;1;"2_1";"f10";3;0;NA;NA;2009;0;1;11;0;0;0;0;"MNE";0;0;0;0
"DUBAPI SL";"ESB62432513";"ES";6420;"Large company";2000;"Control";"(1980,2000]";"IQR";64;0;2016;5,59294430091797e-05;1;"2_1";"f11";3;0;NA;0,64;2010;0;1;11;0;0;0;0;"MNE";0;0;0;0
"DUBAPI SL";"ESB62432513";"ES";6420;"Large company";2000;"Control";"(1980,2000]";"IQR";64;0;2016;5,59294430091797e-05;1;"2_1";"f12";2;0;NA;1;2011;0;1;11;0;0;0;0;"MNE";0;0;0;0
"DUBAPI SL";"ESB62432513";"ES";6420;"Large company";2000;"Control";"(1980,2000]";"IQR";64;0;2016;5,59294430091797e-05;1;"2_1";"f13";2;0;NA;1;2012;0;1;11;0;0;0;0;"MNE";0;0;0;0
"DUBAPI SL";"ESB62432513";"ES";6420;"Large company";2000;"Control";"(1980,2000]";"IQR";64;0;2016;5,59294430091797e-05;1;"2_1";"f14";2;0;NA;1;2013;0;1;11;0;0;0;0;"MNE";0;0;0;0
"DUBAPI SL";"ESB62432513";"ES";6420;"Large company";2000;"Control";"(1980,2000]";"IQR";64;0;2016;5,59294430091797e-05;1;"2_1";"f15";2;0;NA;1;2014;0;1;11;0;0;0;0;"MNE";0;0;0;0
"DUBAPI SL";"ESB62432513";"ES";6420;"Large company";2000;"Control";"(1980,2000]";"IQR";64;0;2016;5,59294430091797e-05;1;"2_1";"f16";2;0;NA;1;2015;0;1;11;0;0;0;0;"MNE";0;0;0;0
"DUBAPI SL";"ESB62432513";"ES";6420;"Large company";2000;"Control";"(1980,2000]";"IQR";64;0;2016;5,59294430091797e-05;1;"2_1";"f17";5;0;NA;1,14917355371901;2016;0;1;11;2;5;2;5;"MNE";2;5;2;5
"DUBAPI SL";"ESB62432513";"ES";6420;"Large company";2000;"Control";"(1980,2000]";"IQR";64;0;2016;5,59294430091797e-05;1;"2_1";"f18";5;0;NA;1,14917355371901;2017;0;1;11;2;5;2;5;"MNE";2;5;2;5
"DUBAPI SL";"ESB62432513";"ES";6420;"Large company";2000;"Control";"(1980,2000]";"IQR";64;0;2016;5,59294430091797e-05;1;"2_1";"f19";5;0;NA;1,14917355371901;2018;0;1;11;2;5;2;5;"MNE";2;5;2;5
"DUBAPI SL";"ESB62432513";"ES";6420;"Large company";2000;"Control";"(1980,2000]";"IQR";64;0;2016;5,59294430091797e-05;1;"2_1";"f20";5;0;NA;1,14917355371901;2019;0;1;11;2;5;2;5;"MNE";2;5;2;5
"PERION NETWORK LIMITED";"IL40002GE";"IL";6201;"Very large company";1999;"Control";"(1980,2000]";"Top";62;0;2017;3,99880687114884e-05;1;"3_1";"f7";4;0;NA;NA;2006;0;1;12;4;19;4;14;"MNE";4;19;4;14
"PERION NETWORK LIMITED";"IL40002GE";"IL";6201;"Very large company";1999;"Control";"(1980,2000]";"Top";62;0;2017;3,99880687114884e-05;1;"3_1";"f8";6;0;NA;NA;2007;0;1;12;4;19;4;14;"MNE";4;19;4;14
"PERION NETWORK LIMITED";"IL40002GE";"IL";6201;"Very large company";1999;"Control";"(1980,2000]";"Top";62;0;2017;3,99880687114884e-05;1;"3_1";"f9";6;0;NA;NA;2008;0;1;12;4;19;4;14;"MNE";4;19;4;14
"PERION NETWORK LIMITED";"IL40002GE";"IL";6201;"Very large company";1999;"Control";"(1980,2000]";"Top";62;0;2017;3,99880687114884e-05;1;"3_1";"f10";6;0;NA;NA;2009;0;1;12;4;19;4;14;"MNE";4;19;4;14
"PERION NETWORK LIMITED";"IL40002GE";"IL";6201;"Very large company";1999;"Control";"(1980,2000]";"Top";62;0;2017;3,99880687114884e-05;1;"3_1";"f11";6;0;0,9375;0,9375;2010;0;1;12;4;19;4;14;"MNE";4;19;4;14
"PERION NETWORK LIMITED";"IL40002GE";"IL";6201;"Very large company";1999;"Control";"(1980,2000]";"Top";62;0;2017;3,99880687114884e-05;1;"3_1";"f12";6;0;0,9375;0,9375;2011;0;1;12;4;19;4;14;"MNE";4;19;4;14
"PERION NETWORK LIMITED";"IL40002GE";"IL";6201;"Very large company";1999;"Control";"(1980,2000]";"Top";62;0;2017;3,99880687114884e-05;1;"3_1";"f13";7;0;0,9375;0,9375;2012;0;1;12;4;19;4;14;"MNE";4;19;4;14
"PERION NETWORK LIMITED";"IL40002GE";"IL";6201;"Very large company";1999;"Control";"(1980,2000]";"Top";62;0;2017;3,99880687114884e-05;1;"3_1";"f14";12;0;0,9375;0,9375;2013;0;1;12;4;19;4;14;"MNE";4;19;4;14
"PERION NETWORK LIMITED";"IL40002GE";"IL";6201;"Very large company";1999;"Control";"(1980,2000]";"Top";62;0;2017;3,99880687114884e-05;1;"3_1";"f15";12;0;0,9375;0,9375;2014;0;1;12;4;19;4;14;"MNE";4;19;4;14
"PERION NETWORK LIMITED";"IL40002GE";"IL";6201;"Very large company";1999;"Control";"(1980,2000]";"Top";62;0;2017;3,99880687114884e-05;1;"3_1";"f16";12;0;0,9375;0,9375;2015;0;1;12;4;19;4;14;"MNE";4;19;4;14
"PERION NETWORK LIMITED";"IL40002GE";"IL";6201;"Very large company";1999;"Control";"(1980,2000]";"Top";62;0;2017;3,99880687114884e-05;1;"3_1";"f17";11;0;0,9375;0,9375;2016;0;1;12;4;19;4;14;"MNE";4;19;4;14
"PERION NETWORK LIMITED";"IL40002GE";"IL";6201;"Very large company";1999;"Control";"(1980,2000]";"Top";62;0;2017;3,99880687114884e-05;1;"3_1";"f18";11;0;0,9375;0,9375;2017;0;1;12;4;19;4;14;"MNE";4;19;4;14
"PERION NETWORK LIMITED";"IL40002GE";"IL";6201;"Very large company";1999;"Control";"(1980,2000]";"Top";62;0;2017;3,99880687114884e-05;1;"3_1";"f19";11;0;0,9375;0,9375;2018;0;1;12;4;20;4;14;"MNE";4;20;4;14
"PERION NETWORK LIMITED";"IL40002GE";"IL";6201;"Very large company";1999;"Control";"(1980,2000]";"Top";62;0;2017;3,99880687114884e-05;1;"3_1";"f20";11;0;0,9375;0,9375;2019;0;1;12;4;20;4;15;"MNE";4;20;4;15
"NIIT LIMITED";"IN30124FI";"IN";6209;"Very large company";1981;"Control";"(1980,2000]";"Top";62;0;2017;4,02192655538039e-05;1;"3_1";"f7";0;0;NA;NA;2006;0;1;13;NA;NA;NA;NA;NA;2;12;2;8
"NIIT LIMITED";"IN30124FI";"IN";6209;"Very large company";1981;"Control";"(1980,2000]";"Top";62;0;2017;4,02192655538039e-05;1;"3_1";"f8";0;0;NA;NA;2007;0;1;13;NA;NA;NA;NA;NA;2;12;2;8
"NIIT LIMITED";"IN30124FI";"IN";6209;"Very large company";1981;"Control";"(1980,2000]";"Top";62;0;2017;4,02192655538039e-05;1;"3_1";"f9";0;0;NA;NA;2008;0;1;13;NA;NA;NA;NA;NA;2;12;2;8
"NIIT LIMITED";"IN30124FI";"IN";6209;"Very large company";1981;"Control";"(1980,2000]";"Top";62;0;2017;4,02192655538039e-05;1;"3_1";"f10";0;0;NA;NA;2009;0;1;13;NA;NA;NA;NA;NA;2;12;2;8
"NIIT LIMITED";"IN30124FI";"IN";6209;"Very large company";1981;"Control";"(1980,2000]";"Top";62;0;2017;4,02192655538039e-05;1;"3_1";"f11";0;0;NA;NA;2010;0;1;13;NA;NA;NA;NA;NA;2;12;2;8
"NIIT LIMITED";"IN30124FI";"IN";6209;"Very large company";1981;"Control";"(1980,2000]";"Top";62;0;2017;4,02192655538039e-05;1;"3_1";"f12";0;0;NA;NA;2011;0;1;13;NA;NA;NA;NA;NA;2;12;2;8
"NIIT LIMITED";"IN30124FI";"IN";6209;"Very large company";1981;"Control";"(1980,2000]";"Top";62;0;2017;4,02192655538039e-05;1;"3_1";"f13";5;1;NA;1;2012;0;1;13;2;12;2;8;"MNE";2;12;2;8
"NIIT LIMITED";"IN30124FI";"IN";6209;"Very large company";1981;"Control";"(1980,2000]";"Top";62;0;2017;4,02192655538039e-05;1;"3_1";"f14";8;1;NA;0,5625;2013;0;1;13;4;21;4;15;"MNE";4;21;4;15
"NIIT LIMITED";"IN30124FI";"IN";6209;"Very large company";1981;"Control";"(1980,2000]";"Top";62;0;2017;4,02192655538039e-05;1;"3_1";"f15";12;1;NA;0,949333333333333;2014;0;1;13;4;21;4;15;"MNE";4;21;4;15
"NIIT LIMITED";"IN30124FI";"IN";6209;"Very large company";1981;"Control";"(1980,2000]";"Top";62;0;2017;4,02192655538039e-05;1;"3_1";"f16";12;1;NA;1,04;2015;0;1;13;4;22;4;15;"MNE";4;22;4;15
"NIIT LIMITED";"IN30124FI";"IN";6209;"Very large company";1981;"Control";"(1980,2000]";"Top";62;0;2017;4,02192655538039e-05;1;"3_1";"f17";14;1;NA;1,04;2016;0;1;13;4;22;4;15;"MNE";4;22;4;15
"NIIT LIMITED";"IN30124FI";"IN";6209;"Very large company";1981;"Control";"(1980,2000]";"Top";62;0;2017;4,02192655538039e-05;1;"3_1";"f18";15;1;NA;0,9375;2017;0;1;13;4;22;4;16;"MNE";4;22;4;16
"NIIT LIMITED";"IN30124FI";"IN";6209;"Very large company";1981;"Control";"(1980,2000]";"Top";62;0;2017;4,02192655538039e-05;1;"3_1";"f19";16;1;NA;0,9375;2018;0;1;13;4;22;4;16;"MNE";4;22;4;16
"NIIT LIMITED";"IN30124FI";"IN";6209;"Very large company";1981;"Control";"(1980,2000]";"Top";62;0;2017;4,02192655538039e-05;1;"3_1";"f20";17;2;NA;0,949074074074074;2019;0;1;13;8;26;8;23;"MNE";8;26;8;23
"POLY MEDICURE LIMITED";"IN33643FI";"IN";3250;"Very large company";1995;"Control";"(1980,2000]";"IQR";32;0;2018;0,000107564891902716;1;"4_1";"f7";3;0;NA;NA;2006;0;1;14;0;0;0;0;"MNE";0;0;0;0
"POLY MEDICURE LIMITED";"IN33643FI";"IN";3250;"Very large company";1995;"Control";"(1980,2000]";"IQR";32;0;2018;0,000107564891902716;1;"4_1";"f8";10;0;NA;NA;2007;0;1;14;0;0;0;0;"MNE";0;0;0;0
"POLY MEDICURE LIMITED";"IN33643FI";"IN";3250;"Very large company";1995;"Control";"(1980,2000]";"IQR";32;0;2018;0,000107564891902716;1;"4_1";"f9";13;0;NA;NA;2008;0;1;14;0;0;0;0;"MNE";0;0;0;0
"POLY MEDICURE LIMITED";"IN33643FI";"IN";3250;"Very large company";1995;"Control";"(1980,2000]";"IQR";32;0;2018;0,000107564891902716;1;"4_1";"f10";17;0;NA;NA;2009;0;1;14;4;11;4;9;"MNE";4;11;4;9
"POLY MEDICURE LIMITED";"IN33643FI";"IN";3250;"Very large company";1995;"Control";"(1980,2000]";"IQR";32;0;2018;0,000107564891902716;1;"4_1";"f11";27;0;1;1;2010;0;1;14;4;11;4;9;"MNE";4;11;4;9
"POLY MEDICURE LIMITED";"IN33643FI";"IN";3250;"Very large company";1995;"Control";"(1980,2000]";"IQR";32;0;2018;0,000107564891902716;1;"4_1";"f12";42;0;0,390625;0,390625;2011;0;1;14;7;13;7;12;"MNE";7;13;7;12
"POLY MEDICURE LIMITED";"IN33643FI";"IN";3250;"Very large company";1995;"Control";"(1980,2000]";"IQR";32;0;2018;0,000107564891902716;1;"4_1";"f13";52;0;0,308641975308642;0,308641975308642;2012;0;1;14;5;11;5;10;"MNE";5;11;5;10
"POLY MEDICURE LIMITED";"IN33643FI";"IN";3250;"Very large company";1995;"Control";"(1980,2000]";"IQR";32;0;2018;0,000107564891902716;1;"4_1";"f14";54;0;0,308641975308642;0,308641975308642;2013;0;1;14;5;11;5;10;"MNE";5;11;5;10
"POLY MEDICURE LIMITED";"IN33643FI";"IN";3250;"Very large company";1995;"Control";"(1980,2000]";"IQR";32;0;2018;0,000107564891902716;1;"4_1";"f15";55;0;0,308641975308642;0,308641975308642;2014;0;1;14;5;11;5;10;"MNE";5;11;5;10
"POLY MEDICURE LIMITED";"IN33643FI";"IN";3250;"Very large company";1995;"Control";"(1980,2000]";"IQR";32;0;2018;0,000107564891902716;1;"4_1";"f16";58;0;0,308641975308642;0,25;2015;0;1;14;6;11;6;11;"MNE";6;11;6;11
"POLY MEDICURE LIMITED";"IN33643FI";"IN";3250;"Very large company";1995;"Control";"(1980,2000]";"IQR";32;0;2018;0,000107564891902716;1;"4_1";"f17";60;0;0,308641975308642;0,25;2016;0;1;14;6;11;6;11;"MNE";6;11;6;11
"POLY MEDICURE LIMITED";"IN33643FI";"IN";3250;"Very large company";1995;"Control";"(1980,2000]";"IQR";32;0;2018;0,000107564891902716;1;"4_1";"f18";64;0;0,33;0,347107438016529;2017;0;1;14;6;11;6;11;"MNE";6;11;6;11
"POLY MEDICURE LIMITED";"IN33643FI";"IN";3250;"Very large company";1995;"Control";"(1980,2000]";"IQR";32;0;2018;0,000107564891902716;1;"4_1";"f19";66;0;0,33;0,347107438016529;2018;0;1;14;5;11;5;11;"MNE";5;11;5;11
"POLY MEDICURE LIMITED";"IN33643FI";"IN";3250;"Very large company";1995;"Control";"(1980,2000]";"IQR";32;0;2018;0,000107564891902716;1;"4_1";"f20";67;0;0,33;0,347107438016529;2019;0;1;14;6;11;6;11;"MNE";6;11;6;11
"DIATEC HOLDING S.P.A.";"IT01076000221";"IT";6420;"Large company";1985;"2016";"(1980,2000]";"IQR";64;1;2016;6,19355328548285e-05;1;"2_1";"f7";0;0;NA;NA;2006;2016;1;15;NA;NA;NA;NA;NA;0;0;0;0
"DIATEC HOLDING S.P.A.";"IT01076000221";"IT";6420;"Large company";1985;"2016";"(1980,2000]";"IQR";64;1;2016;6,19355328548285e-05;1;"2_1";"f8";0;0;NA;NA;2007;2016;1;15;NA;NA;NA;NA;NA;0;0;0;0
"DIATEC HOLDING S.P.A.";"IT01076000221";"IT";6420;"Large company";1985;"2016";"(1980,2000]";"IQR";64;1;2016;6,19355328548285e-05;1;"2_1";"f9";0;0;NA;NA;2008;2016;1;15;NA;NA;NA;NA;NA;0;0;0;0
"DIATEC HOLDING S.P.A.";"IT01076000221";"IT";6420;"Large company";1985;"2016";"(1980,2000]";"IQR";64;1;2016;6,19355328548285e-05;1;"2_1";"f10";1;0;NA;NA;2009;2016;1;15;0;0;0;0;"MNE";0;0;0;0
"DIATEC HOLDING S.P.A.";"IT01076000221";"IT";6420;"Large company";1985;"2016";"(1980,2000]";"IQR";64;1;2016;6,19355328548285e-05;1;"2_1";"f11";2;0;0;0;2010;2016;1;15;0;0;0;0;"MNE";0;0;0;0
"DIATEC HOLDING S.P.A.";"IT01076000221";"IT";6420;"Large company";1985;"2016";"(1980,2000]";"IQR";64;1;2016;6,19355328548285e-05;1;"2_1";"f12";2;0;0;0;2011;2016;1;15;0;0;0;0;"MNE";0;0;0;0
"DIATEC HOLDING S.P.A.";"IT01076000221";"IT";6420;"Large company";1985;"2016";"(1980,2000]";"IQR";64;1;2016;6,19355328548285e-05;1;"2_1";"f13";2;0;0;0;2012;2016;1;15;0;0;0;0;"MNE";0;0;0;0
"DIATEC HOLDING S.P.A.";"IT01076000221";"IT";6420;"Large company";1985;"2016";"(1980,2000]";"IQR";64;1;2016;6,19355328548285e-05;1;"2_1";"f14";2;0;0;0;2013;2016;1;15;0;0;0;0;"MNE";0;0;0;0
"DIATEC HOLDING S.P.A.";"IT01076000221";"IT";6420;"Large company";1985;"2016";"(1980,2000]";"IQR";64;1;2016;6,19355328548285e-05;1;"2_1";"f15";2;0;0;0;2014;2016;1;15;0;0;0;0;"MNE";0;0;0;0
"DIATEC HOLDING S.P.A.";"IT01076000221";"IT";6420;"Large company";1985;"2016";"(1980,2000]";"IQR";64;1;2016;6,19355328548285e-05;1;"2_1";"f16";2;0;0;0;2015;2016;1;15;0;0;0;0;"MNE";0;0;0;0
"DIATEC HOLDING S.P.A.";"IT01076000221";"IT";6420;"Large company";1985;"2016";"(1980,2000]";"IQR";64;1;2016;6,19355328548285e-05;1;"2_1";"f17";9;1;0;0;2016;2016;1;15;4;10;4;9;"MNE";4;10;4;9
"DIATEC HOLDING S.P.A.";"IT01076000221";"IT";6420;"Large company";1985;"2016";"(1980,2000]";"IQR";64;1;2016;6,19355328548285e-05;1;"2_1";"f18";7;1;0;0;2017;2016;1;15;4;10;4;9;"MNE";4;10;4;9
"DIATEC HOLDING S.P.A.";"IT01076000221";"IT";6420;"Large company";1985;"2016";"(1980,2000]";"IQR";64;1;2016;6,19355328548285e-05;1;"2_1";"f19";3;0;0;0;2018;2016;1;15;0;0;0;0;"MNE";0;0;0;0
"DIATEC HOLDING S.P.A.";"IT01076000221";"IT";6420;"Large company";1985;"2016";"(1980,2000]";"IQR";64;1;2016;6,19355328548285e-05;1;"2_1";"f20";3;0;0;0;2019;2016;1;15;0;0;0;0;"MNE";0;0;0;0
"DIGITAL ARTS INC";"JP3010001096117";"JP";6201;"Very large company";1995;"Control";"(1980,2000]";"Top";62;0;2017;3,99055616512827e-05;1;"3_1";"f7";4;0;NA;NA;2006;0;1;16;2;12;2;8;"MNE";2;12;2;8
"DIGITAL ARTS INC";"JP3010001096117";"JP";6201;"Very large company";1995;"Control";"(1980,2000]";"Top";62;0;2017;3,99055616512827e-05;1;"3_1";"f8";5;0;NA;NA;2007;0;1;16;2;12;2;8;"MNE";2;12;2;8
"DIGITAL ARTS INC";"JP3010001096117";"JP";6201;"Very large company";1995;"Control";"(1980,2000]";"Top";62;0;2017;3,99055616512827e-05;1;"3_1";"f9";6;0;NA;NA;2008;0;1;16;2;12;2;8;"MNE";2;12;2;8
"DIGITAL ARTS INC";"JP3010001096117";"JP";6201;"Very large company";1995;"Control";"(1980,2000]";"Top";62;0;2017;3,99055616512827e-05;1;"3_1";"f10";6;0;NA;NA;2009;0;1;16;2;12;2;8;"MNE";2;12;2;8
"DIGITAL ARTS INC";"JP3010001096117";"JP";6201;"Very large company";1995;"Control";"(1980,2000]";"Top";62;0;2017;3,99055616512827e-05;1;"3_1";"f11";7;0;0,938849721706865;0,938849721706865;2010;0;1;16;2;12;2;8;"MNE";2;12;2;8
"DIGITAL ARTS INC";"JP3010001096117";"JP";6201;"Very large company";1995;"Control";"(1980,2000]";"Top";62;0;2017;3,99055616512827e-05;1;"3_1";"f12";8;0;0,938849721706865;0,938849721706865;2011;0;1;16;2;12;2;8;"MNE";2;12;2;8
"DIGITAL ARTS INC";"JP3010001096117";"JP";6201;"Very large company";1995;"Control";"(1980,2000]";"Top";62;0;2017;3,99055616512827e-05;1;"3_1";"f13";8;0;0,938849721706865;0,938849721706865;2012;0;1;16;2;12;2;8;"MNE";2;12;2;8
"DIGITAL ARTS INC";"JP3010001096117";"JP";6201;"Very large company";1995;"Control";"(1980,2000]";"Top";62;0;2017;3,99055616512827e-05;1;"3_1";"f14";10;0;0,875715144230769;0,875715144230769;2013;0;1;16;7;23;7;17;"MNE";7;23;7;17
"DIGITAL ARTS INC";"JP3010001096117";"JP";6201;"Very large company";1995;"Control";"(1980,2000]";"Top";62;0;2017;3,99055616512827e-05;1;"3_1";"f15";12;0;0,875715144230769;0,875715144230769;2014;0;1;16;7;24;7;18;"MNE";7;24;7;18
"DIGITAL ARTS INC";"JP3010001096117";"JP";6201;"Very large company";1995;"Control";"(1980,2000]";"Top";62;0;2017;3,99055616512827e-05;1;"3_1";"f16";12;0;0,875715144230769;0,875715144230769;2015;0;1;16;7;24;7;18;"MNE";7;24;7;18
"DIGITAL ARTS INC";"JP3010001096117";"JP";6201;"Very large company";1995;"Control";"(1980,2000]";"Top";62;0;2017;3,99055616512827e-05;1;"3_1";"f17";13;0;0,875715144230769;0,875715144230769;2016;0;1;16;7;24;7;19;"MNE";7;24;7;19
"DIGITAL ARTS INC";"JP3010001096117";"JP";6201;"Very large company";1995;"Control";"(1980,2000]";"Top";62;0;2017;3,99055616512827e-05;1;"3_1";"f18";14;0;0,875715144230769;0,875715144230769;2017;0;1;16;7;25;7;19;"MNE";7;25;7;19
"DIGITAL ARTS INC";"JP3010001096117";"JP";6201;"Very large company";1995;"Control";"(1980,2000]";"Top";62;0;2017;3,99055616512827e-05;1;"3_1";"f19";21;0;0,875715144230769;0,875715144230769;2018;0;1;16;8;29;8;22;"MNE";8;29;8;22
"DIGITAL ARTS INC";"JP3010001096117";"JP";6201;"Very large company";1995;"Control";"(1980,2000]";"Top";62;0;2017;3,99055616512827e-05;1;"3_1";"f20";25;0;0,905555555555556;0,905555555555556;2019;0;1;16;8;30;8;22;"MNE";8;30;8;22
"HOST HOLDING B.V.";"NL06091861";"NL";6420;"Large company";1999;"Control";"(1980,2000]";"IQR";64;0;2016;5,90765970818691e-05;1;"2_1";"f7";0;0;NA;NA;2006;0;1;17;NA;NA;NA;NA;NA;0;0;0;0
"HOST HOLDING B.V.";"NL06091861";"NL";6420;"Large company";1999;"Control";"(1980,2000]";"IQR";64;0;2016;5,90765970818691e-05;1;"2_1";"f8";0;0;NA;NA;2007;0;1;17;NA;NA;NA;NA;NA;0;0;0;0
"HOST HOLDING B.V.";"NL06091861";"NL";6420;"Large company";1999;"Control";"(1980,2000]";"IQR";64;0;2016;5,90765970818691e-05;1;"2_1";"f9";0;0;NA;NA;2008;0;1;17;NA;NA;NA;NA;NA;0;0;0;0
"HOST HOLDING B.V.";"NL06091861";"NL";6420;"Large company";1999;"Control";"(1980,2000]";"IQR";64;0;2016;5,90765970818691e-05;1;"2_1";"f10";1;0;NA;NA;2009;0;1;17;0;0;0;0;"MNE";0;0;0;0
"HOST HOLDING B.V.";"NL06091861";"NL";6420;"Large company";1999;"Control";"(1980,2000]";"IQR";64;0;2016;5,90765970818691e-05;1;"2_1";"f11";1;0;0;0;2010;0;1;17;0;0;0;0;"MNE";0;0;0;0
"HOST HOLDING B.V.";"NL06091861";"NL";6420;"Large company";1999;"Control";"(1980,2000]";"IQR";64;0;2016;5,90765970818691e-05;1;"2_1";"f12";1;0;0;0;2011;0;1;17;0;0;0;0;"MNE";0;0;0;0
"HOST HOLDING B.V.";"NL06091861";"NL";6420;"Large company";1999;"Control";"(1980,2000]";"IQR";64;0;2016;5,90765970818691e-05;1;"2_1";"f13";1;0;0;0;2012;0;1;17;0;0;0;0;"MNE";0;0;0;0
"HOST HOLDING B.V.";"NL06091861";"NL";6420;"Large company";1999;"Control";"(1980,2000]";"IQR";64;0;2016;5,90765970818691e-05;1;"2_1";"f14";1;0;0;0;2013;0;1;17;0;0;0;0;"MNE";0;0;0;0
"HOST HOLDING B.V.";"NL06091861";"NL";6420;"Large company";1999;"Control";"(1980,2000]";"IQR";64;0;2016;5,90765970818691e-05;1;"2_1";"f15";1;0;0;0;2014;0;1;17;0;0;0;0;"MNE";0;0;0;0
"HOST HOLDING B.V.";"NL06091861";"NL";6420;"Large company";1999;"Control";"(1980,2000]";"IQR";64;0;2016;5,90765970818691e-05;1;"2_1";"f16";4;0;0,16;0,16;2015;0;1;17;1;1;1;1;"MNE";1;1;1;1
"HOST HOLDING B.V.";"NL06091861";"NL";6420;"Large company";1999;"Control";"(1980,2000]";"IQR";64;0;2016;5,90765970818691e-05;1;"2_1";"f17";4;0;0,16;0,16;2016;0;1;17;1;1;1;1;"MNE";1;1;1;1
"HOST HOLDING B.V.";"NL06091861";"NL";6420;"Large company";1999;"Control";"(1980,2000]";"IQR";64;0;2016;5,90765970818691e-05;1;"2_1";"f18";5;0;0,16;0,16;2017;0;1;17;1;2;1;2;"MNE";1;2;1;2
"HOST HOLDING B.V.";"NL06091861";"NL";6420;"Large company";1999;"Control";"(1980,2000]";"IQR";64;0;2016;5,90765970818691e-05;1;"2_1";"f19";7;0;0,4375;0,4375;2018;0;1;17;1;2;1;2;"MNE";1;2;1;2
"HOST HOLDING B.V.";"NL06091861";"NL";6420;"Large company";1999;"Control";"(1980,2000]";"IQR";64;0;2016;5,90765970818691e-05;1;"2_1";"f20";7;0;0,4375;0,4375;2019;0;1;17;1;2;1;2;"MNE";1;2;1;2
"HENCON HOLDING B.V.";"NL09114043";"NL";6420;"Large company";2000;"Control";"(1980,2000]";"IQR";64;0;2016;6,21677464916521e-05;1;"2_1";"f7";0;0;NA;NA;2006;0;1;18;NA;NA;NA;NA;NA;0;0;0;0
"HENCON HOLDING B.V.";"NL09114043";"NL";6420;"Large company";2000;"Control";"(1980,2000]";"IQR";64;0;2016;6,21677464916521e-05;1;"2_1";"f8";0;0;NA;NA;2007;0;1;18;NA;NA;NA;NA;NA;0;0;0;0
"HENCON HOLDING B.V.";"NL09114043";"NL";6420;"Large company";2000;"Control";"(1980,2000]";"IQR";64;0;2016;6,21677464916521e-05;1;"2_1";"f9";0;0;NA;NA;2008;0;1;18;NA;NA;NA;NA;NA;0;0;0;0
"HENCON HOLDING B.V.";"NL09114043";"NL";6420;"Large company";2000;"Control";"(1980,2000]";"IQR";64;0;2016;6,21677464916521e-05;1;"2_1";"f10";0;0;NA;NA;2009;0;1;18;NA;NA;NA;NA;NA;0;0;0;0
"HENCON HOLDING B.V.";"NL09114043";"NL";6420;"Large company";2000;"Control";"(1980,2000]";"IQR";64;0;2016;6,21677464916521e-05;1;"2_1";"f11";0;0;NA;NA;2010;0;1;18;NA;NA;NA;NA;NA;0;0;0;0
"HENCON HOLDING B.V.";"NL09114043";"NL";6420;"Large company";2000;"Control";"(1980,2000]";"IQR";64;0;2016;6,21677464916521e-05;1;"2_1";"f12";0;0;NA;NA;2011;0;1;18;NA;NA;NA;NA;NA;0;0;0;0
"HENCON HOLDING B.V.";"NL09114043";"NL";6420;"Large company";2000;"Control";"(1980,2000]";"IQR";64;0;2016;6,21677464916521e-05;1;"2_1";"f13";0;0;NA;NA;2012;0;1;18;NA;NA;NA;NA;NA;0;0;0;0
"HENCON HOLDING B.V.";"NL09114043";"NL";6420;"Large company";2000;"Control";"(1980,2000]";"IQR";64;0;2016;6,21677464916521e-05;1;"2_1";"f14";1;0;NA;0;2013;0;1;18;0;0;0;0;"MNE";0;0;0;0
"HENCON HOLDING B.V.";"NL09114043";"NL";6420;"Large company";2000;"Control";"(1980,2000]";"IQR";64;0;2016;6,21677464916521e-05;1;"2_1";"f15";3;0;NA;0;2014;0;1;18;3;2;3;2;"MNE";3;2;3;2
"HENCON HOLDING B.V.";"NL09114043";"NL";6420;"Large company";2000;"Control";"(1980,2000]";"IQR";64;0;2016;6,21677464916521e-05;1;"2_1";"f16";4;0;NA;0,16;2015;0;1;18;2;2;2;2;"MNE";2;2;2;2
"HENCON HOLDING B.V.";"NL09114043";"NL";6420;"Large company";2000;"Control";"(1980,2000]";"IQR";64;0;2016;6,21677464916521e-05;1;"2_1";"f17";6;0;NA;0,111111111111111;2016;0;1;18;6;5;6;5;"MNE";6;5;6;5
"HENCON HOLDING B.V.";"NL09114043";"NL";6420;"Large company";2000;"Control";"(1980,2000]";"IQR";64;0;2016;6,21677464916521e-05;1;"2_1";"f18";6;0;NA;0,111111111111111;2017;0;1;18;6;5;6;4;"MNE";6;5;6;4
"HENCON HOLDING B.V.";"NL09114043";"NL";6420;"Large company";2000;"Control";"(1980,2000]";"IQR";64;0;2016;6,21677464916521e-05;1;"2_1";"f19";6;0;NA;0,111111111111111;2018;0;1;18;6;5;6;4;"MNE";6;5;6;4
"HENCON HOLDING B.V.";"NL09114043";"NL";6420;"Large company";2000;"Control";"(1980,2000]";"IQR";64;0;2016;6,21677464916521e-05;1;"2_1";"f20";6;0;NA;0,111111111111111;2019;0;1;18;6;5;6;4;"MNE";6;5;6;4
"GENESIS TECHNOLOGY INC";"TW84981323";"TW";6201;"Very large company";1994;"Control";"(1980,2000]";"Top";62;0;2017;4,0066758525231e-05;1;"3_1";"f7";6;0;NA;NA;2006;0;1;19;1;5;1;4;"MNE";1;5;1;4
"GENESIS TECHNOLOGY INC";"TW84981323";"TW";6201;"Very large company";1994;"Control";"(1980,2000]";"Top";62;0;2017;4,0066758525231e-05;1;"3_1";"f8";6;0;NA;NA;2007;0;1;19;1;5;1;4;"MNE";1;5;1;4
"GENESIS TECHNOLOGY INC";"TW84981323";"TW";6201;"Very large company";1994;"Control";"(1980,2000]";"Top";62;0;2017;4,0066758525231e-05;1;"3_1";"f9";6;0;NA;NA;2008;0;1;19;1;5;1;4;"MNE";1;5;1;4
"GENESIS TECHNOLOGY INC";"TW84981323";"TW";6201;"Very large company";1994;"Control";"(1980,2000]";"Top";62;0;2017;4,0066758525231e-05;1;"3_1";"f10";6;0;NA;NA;2009;0;1;19;1;5;1;4;"MNE";1;5;1;4
"GENESIS TECHNOLOGY INC";"TW84981323";"TW";6201;"Very large company";1994;"Control";"(1980,2000]";"Top";62;0;2017;4,0066758525231e-05;1;"3_1";"f11";8;0;0,407407407407407;0,407407407407407;2010;0;1;19;1;5;1;4;"MNE";1;5;1;4
"GENESIS TECHNOLOGY INC";"TW84981323";"TW";6201;"Very large company";1994;"Control";"(1980,2000]";"Top";62;0;2017;4,0066758525231e-05;1;"3_1";"f12";8;0;0,407407407407407;0,407407407407407;2011;0;1;19;1;5;1;4;"MNE";1;5;1;4
"GENESIS TECHNOLOGY INC";"TW84981323";"TW";6201;"Very large company";1994;"Control";"(1980,2000]";"Top";62;0;2017;4,0066758525231e-05;1;"3_1";"f13";10;0;0,299319727891156;0,299319727891156;2012;0;1;19;2;5;2;5;"MNE";2;5;2;5
"GENESIS TECHNOLOGY INC";"TW84981323";"TW";6201;"Very large company";1994;"Control";"(1980,2000]";"Top";62;0;2017;4,0066758525231e-05;1;"3_1";"f14";10;0;0,299319727891156;0,299319727891156;2013;0;1;19;2;5;2;5;"MNE";2;5;2;5
"GENESIS TECHNOLOGY INC";"TW84981323";"TW";6201;"Very large company";1994;"Control";"(1980,2000]";"Top";62;0;2017;4,0066758525231e-05;1;"3_1";"f15";11;0;0,299319727891156;0,299319727891156;2014;0;1;19;2;5;2;5;"MNE";2;5;2;5
"GENESIS TECHNOLOGY INC";"TW84981323";"TW";6201;"Very large company";1994;"Control";"(1980,2000]";"Top";62;0;2017;4,0066758525231e-05;1;"3_1";"f16";11;0;0,299319727891156;0,299319727891156;2015;0;1;19;2;5;2;5;"MNE";2;5;2;5
"GENESIS TECHNOLOGY INC";"TW84981323";"TW";6201;"Very large company";1994;"Control";"(1980,2000]";"Top";62;0;2017;4,0066758525231e-05;1;"3_1";"f17";11;0;0,299319727891156;0,299319727891156;2016;0;1;19;2;5;2;5;"MNE";2;5;2;5
"GENESIS TECHNOLOGY INC";"TW84981323";"TW";6201;"Very large company";1994;"Control";"(1980,2000]";"Top";62;0;2017;4,0066758525231e-05;1;"3_1";"f18";11;0;0,299319727891156;0,299319727891156;2017;0;1;19;2;5;2;4;"MNE";2;5;2;4
"GENESIS TECHNOLOGY INC";"TW84981323";"TW";6201;"Very large company";1994;"Control";"(1980,2000]";"Top";62;0;2017;4,0066758525231e-05;1;"3_1";"f19";11;0;0,299319727891156;0,299319727891156;2018;0;1;19;2;5;2;4;"MNE";2;5;2;4
"GENESIS TECHNOLOGY INC";"TW84981323";"TW";6201;"Very large company";1994;"Control";"(1980,2000]";"Top";62;0;2017;4,0066758525231e-05;1;"3_1";"f20";11;0;0,299319727891156;0,299319727891156;2019;0;1;19;2;5;2;4;"MNE";2;5;2;4
"MEGAFORCE COMPANY LIMITED";"TW86362776";"TW";3299;"Very large company";1991;"Control";"(1980,2000]";"Bottom";32;0;2018;0,000111102450780156;1;"4_1";"f7";13;0;NA;NA;2006;0;1;20;4;11;4;10;"MNE";4;11;4;10
"MEGAFORCE COMPANY LIMITED";"TW86362776";"TW";3299;"Very large company";1991;"Control";"(1980,2000]";"Bottom";32;0;2018;0,000111102450780156;1;"4_1";"f8";18;0;NA;NA;2007;0;1;20;3;10;3;9;"MNE";3;10;3;9
"MEGAFORCE COMPANY LIMITED";"TW86362776";"TW";3299;"Very large company";1991;"Control";"(1980,2000]";"Bottom";32;0;2018;0,000111102450780156;1;"4_1";"f9";27;0;NA;NA;2008;0;1;20;4;10;4;10;"MNE";4;10;4;10
"MEGAFORCE COMPANY LIMITED";"TW86362776";"TW";3299;"Very large company";1991;"Control";"(1980,2000]";"Bottom";32;0;2018;0,000111102450780156;1;"4_1";"f10";31;0;NA;NA;2009;0;1;20;4;10;4;9;"MNE";4;10;4;9
"MEGAFORCE COMPANY LIMITED";"TW86362776";"TW";3299;"Very large company";1991;"Control";"(1980,2000]";"Bottom";32;0;2018;0,000111102450780156;1;"4_1";"f11";31;0;0,78422619047619;0,78422619047619;2010;0;1;20;4;10;4;9;"MNE";4;10;4;9
"MEGAFORCE COMPANY LIMITED";"TW86362776";"TW";3299;"Very large company";1991;"Control";"(1980,2000]";"Bottom";32;0;2018;0,000111102450780156;1;"4_1";"f12";36;0;0,765482663653697;0,765482663653697;2011;0;1;20;2;5;2;6;"MNE";2;5;2;6
"MEGAFORCE COMPANY LIMITED";"TW86362776";"TW";3299;"Very large company";1991;"Control";"(1980,2000]";"Bottom";32;0;2018;0,000111102450780156;1;"4_1";"f13";41;0;0,807539682539682;0,807539682539682;2012;0;1;20;2;5;2;5;"MNE";2;5;2;5
"MEGAFORCE COMPANY LIMITED";"TW86362776";"TW";3299;"Very large company";1991;"Control";"(1980,2000]";"Bottom";32;0;2018;0,000111102450780156;1;"4_1";"f14";44;0;0,807539682539682;0,807539682539682;2013;0;1;20;2;5;2;6;"MNE";2;5;2;6
"MEGAFORCE COMPANY LIMITED";"TW86362776";"TW";3299;"Very large company";1991;"Control";"(1980,2000]";"Bottom";32;0;2018;0,000111102450780156;1;"4_1";"f15";46;0;0,894780811678318;0,814479166666667;2014;0;1;20;2;5;2;6;"MNE";2;5;2;6
"MEGAFORCE COMPANY LIMITED";"TW86362776";"TW";3299;"Very large company";1991;"Control";"(1980,2000]";"Bottom";32;0;2018;0,000111102450780156;1;"4_1";"f16";40;0;0,8203125;0,651112090926906;2015;0;1;20;2;5;2;5;"MNE";2;5;2;5
"MEGAFORCE COMPANY LIMITED";"TW86362776";"TW";3299;"Very large company";1991;"Control";"(1980,2000]";"Bottom";32;0;2018;0,000111102450780156;1;"4_1";"f17";73;0;1,01819191325364;0,910470145089286;2016;0;1;20;5;11;5;11;"MNE";5;11;5;11
"MEGAFORCE COMPANY LIMITED";"TW86362776";"TW";3299;"Very large company";1991;"Control";"(1980,2000]";"Bottom";32;0;2018;0,000111102450780156;1;"4_1";"f18";87;0;1,00118095238095;1,0098618743922;2017;0;1;20;6;13;6;12;"MNE";6;13;6;12
"MEGAFORCE COMPANY LIMITED";"TW86362776";"TW";3299;"Very large company";1991;"Control";"(1980,2000]";"Bottom";32;0;2018;0,000111102450780156;1;"4_1";"f19";101;0;1,04787645964816;0,874105871212121;2018;0;1;20;6;14;6;13;"MNE";6;14;6;13
"MEGAFORCE COMPANY LIMITED";"TW86362776";"TW";3299;"Very large company";1991;"Control";"(1980,2000]";"Bottom";32;0;2018;0,000111102450780156;1;"4_1";"f20";117;0;0,734438775510204;0,66638536390723;2019;0;1;20;7;15;7;13;"MNE";7;15;7;13
"APYX MEDICAL CORPORATION";"US112644611";"US";3250;"Very large company";1982;"Control";"(1980,2000]";"IQR";32;0;2018;0,000107865271864625;1;"4_1";"f7";17;0;NA;NA;2006;0;1;21;3;6;3;6;"MNE";3;6;3;6
"APYX MEDICAL CORPORATION";"US112644611";"US";3250;"Very large company";1982;"Control";"(1980,2000]";"IQR";32;0;2018;0,000107865271864625;1;"4_1";"f8";21;0;NA;NA;2007;0;1;21;6;12;6;11;"MNE";6;12;6;11
"APYX MEDICAL CORPORATION";"US112644611";"US";3250;"Very large company";1982;"Control";"(1980,2000]";"IQR";32;0;2018;0,000107865271864625;1;"4_1";"f9";28;0;NA;NA;2008;0;1;21;6;13;6;12;"MNE";6;13;6;12
"APYX MEDICAL CORPORATION";"US112644611";"US";3250;"Very large company";1982;"Control";"(1980,2000]";"IQR";32;0;2018;0,000107865271864625;1;"4_1";"f10";34;0;NA;NA;2009;0;1;21;6;13;6;12;"MNE";6;13;6;12
"APYX MEDICAL CORPORATION";"US112644611";"US";3250;"Very large company";1982;"Control";"(1980,2000]";"IQR";32;0;2018;0,000107865271864625;1;"4_1";"f11";45;0;0,365432098765432;0,365432098765432;2010;0;1;21;6;13;6;12;"MNE";6;13;6;12
"APYX MEDICAL CORPORATION";"US112644611";"US";3250;"Very large company";1982;"Control";"(1980,2000]";"IQR";32;0;2018;0,000107865271864625;1;"4_1";"f12";48;0;0,850396356889863;0,850396356889863;2011;0;1;21;6;13;6;12;"MNE";6;13;6;12
"APYX MEDICAL CORPORATION";"US112644611";"US";3250;"Very large company";1982;"Control";"(1980,2000]";"IQR";32;0;2018;0,000107865271864625;1;"4_1";"f13";50;0;0,850396356889863;0,850396356889863;2012;0;1;21;6;13;6;12;"MNE";6;13;6;12
"APYX MEDICAL CORPORATION";"US112644611";"US";3250;"Very large company";1982;"Control";"(1980,2000]";"IQR";32;0;2018;0,000107865271864625;1;"4_1";"f14";51;0;0,850396356889863;0,850396356889863;2013;0;1;21;6;13;6;11;"MNE";6;13;6;11
"APYX MEDICAL CORPORATION";"US112644611";"US";3250;"Very large company";1982;"Control";"(1980,2000]";"IQR";32;0;2018;0,000107865271864625;1;"4_1";"f15";53;0;0,850396356889863;0,850396356889863;2014;0;1;21;6;13;6;11;"MNE";6;13;6;11
"APYX MEDICAL CORPORATION";"US112644611";"US";3250;"Very large company";1982;"Control";"(1980,2000]";"IQR";32;0;2018;0,000107865271864625;1;"4_1";"f16";56;0;0,885383597883598;0,885383597883598;2015;0;1;21;6;13;6;11;"MNE";6;13;6;11
"APYX MEDICAL CORPORATION";"US112644611";"US";3250;"Very large company";1982;"Control";"(1980,2000]";"IQR";32;0;2018;0,000107865271864625;1;"4_1";"f17";58;0;0,885383597883598;0,885383597883598;2016;0;1;21;6;13;6;11;"MNE";6;13;6;11
"APYX MEDICAL CORPORATION";"US112644611";"US";3250;"Very large company";1982;"Control";"(1980,2000]";"IQR";32;0;2018;0,000107865271864625;1;"4_1";"f18";61;0;0,885383597883598;0,885383597883598;2017;0;1;21;6;12;6;11;"MNE";6;12;6;11
"APYX MEDICAL CORPORATION";"US112644611";"US";3250;"Very large company";1982;"Control";"(1980,2000]";"IQR";32;0;2018;0,000107865271864625;1;"4_1";"f19";62;0;0,885383597883598;0,885383597883598;2018;0;1;21;5;12;5;11;"MNE";5;12;5;11
"APYX MEDICAL CORPORATION";"US112644611";"US";3250;"Very large company";1982;"Control";"(1980,2000]";"IQR";32;0;2018;0,000107865271864625;1;"4_1";"f20";64;0;0,885383597883598;0,885383597883598;2019;0;1;21;5;12;5;11;"MNE";5;12;5;11
"ASENSUS SURGICAL, INC.";"US112962080";"US";3250;"Very large company";1988;"2018";"(1980,2000]";"IQR";32;1;2018;0,000108937372251234;1;"4_1";"f7";14;0;NA;NA;2006;2018;1;22;3;7;3;6;"MNE";3;7;3;6
"ASENSUS SURGICAL, INC.";"US112962080";"US";3250;"Very large company";1988;"2018";"(1980,2000]";"IQR";32;1;2018;0,000108937372251234;1;"4_1";"f8";22;0;NA;NA;2007;2018;1;22;3;7;3;6;"MNE";3;7;3;6
"ASENSUS SURGICAL, INC.";"US112962080";"US";3250;"Very large company";1988;"2018";"(1980,2000]";"IQR";32;1;2018;0,000108937372251234;1;"4_1";"f9";25;0;NA;NA;2008;2018;1;22;3;7;3;6;"MNE";3;7;3;6
"ASENSUS SURGICAL, INC.";"US112962080";"US";3250;"Very large company";1988;"2018";"(1980,2000]";"IQR";32;1;2018;0,000108937372251234;1;"4_1";"f10";35;0;NA;NA;2009;2018;1;22;3;7;3;6;"MNE";3;7;3;6
"ASENSUS SURGICAL, INC.";"US112962080";"US";3250;"Very large company";1988;"2018";"(1980,2000]";"IQR";32;1;2018;0,000108937372251234;1;"4_1";"f11";38;0;0,48;0,333333333333333;2010;2018;1;22;3;7;3;6;"MNE";3;7;3;6
"ASENSUS SURGICAL, INC.";"US112962080";"US";3250;"Very large company";1988;"2018";"(1980,2000]";"IQR";32;1;2018;0,000108937372251234;1;"4_1";"f12";42;0;0,444444444444444;0,326530612244898;2011;2018;1;22;3;7;3;6;"MNE";3;7;3;6
"ASENSUS SURGICAL, INC.";"US112962080";"US";3250;"Very large company";1988;"2018";"(1980,2000]";"IQR";32;1;2018;0,000108937372251234;1;"4_1";"f13";48;0;0,444444444444444;0,326530612244898;2012;2018;1;22;3;7;3;6;"MNE";3;7;3;6
"ASENSUS SURGICAL, INC.";"US112962080";"US";3250;"Very large company";1988;"2018";"(1980,2000]";"IQR";32;1;2018;0,000108937372251234;1;"4_1";"f14";51;0;0,444444444444444;0,25;2013;2018;1;22;7;13;7;13;"MNE";7;13;7;13
"ASENSUS SURGICAL, INC.";"US112962080";"US";3250;"Very large company";1988;"2018";"(1980,2000]";"IQR";32;1;2018;0,000108937372251234;1;"4_1";"f15";53;0;0,444444444444444;0,25;2014;2018;1;22;7;13;7;13;"MNE";7;13;7;13
"ASENSUS SURGICAL, INC.";"US112962080";"US";3250;"Very large company";1988;"2018";"(1980,2000]";"IQR";32;1;2018;0,000108937372251234;1;"4_1";"f16";57;0;0,444444444444444;0,305555555555556;2015;2018;1;22;7;13;7;13;"MNE";7;13;7;13
"ASENSUS SURGICAL, INC.";"US112962080";"US";3250;"Very large company";1988;"2018";"(1980,2000]";"IQR";32;1;2018;0,000108937372251234;1;"4_1";"f17";62;0;0,444444444444444;0,286;2016;2018;1;22;7;13;7;13;"MNE";7;13;7;13
"ASENSUS SURGICAL, INC.";"US112962080";"US";3250;"Very large company";1988;"2018";"(1980,2000]";"IQR";32;1;2018;0,000108937372251234;1;"4_1";"f18";63;0;0,444444444444444;0,286;2017;2018;1;22;7;13;7;13;"MNE";7;13;7;13
"ASENSUS SURGICAL, INC.";"US112962080";"US";3250;"Very large company";1988;"2018";"(1980,2000]";"IQR";32;1;2018;0,000108937372251234;1;"4_1";"f19";77;1;0,466616276140086;0,431631103787271;2018;2018;1;22;7;14;7;14;"MNE";7;14;7;14
"ASENSUS SURGICAL, INC.";"US112962080";"US";3250;"Very large company";1988;"2018";"(1980,2000]";"IQR";32;1;2018;0,000108937372251234;1;"4_1";"f20";78;1;0,466616276140086;0,431631103787271;2019;2018;1;22;7;15;7;14;"MNE";7;15;7;14
"YARDI SYSTEMS INC";"US149157844L";"US";6201;"Very large company";1984;"2017";"(1980,2000]";"Top";62;1;2017;4,01416079039138e-05;1;"3_1";"f7";9;0;NA;NA;2006;2017;1;23;3;13;3;10;"MNE";3;13;3;10
"YARDI SYSTEMS INC";"US149157844L";"US";6201;"Very large company";1984;"2017";"(1980,2000]";"Top";62;1;2017;4,01416079039138e-05;1;"3_1";"f8";9;0;NA;NA;2007;2017;1;23;3;13;3;10;"MNE";3;13;3;10
"YARDI SYSTEMS INC";"US149157844L";"US";6201;"Very large company";1984;"2017";"(1980,2000]";"Top";62;1;2017;4,01416079039138e-05;1;"3_1";"f9";9;0;NA;NA;2008;2017;1;23;3;13;3;10;"MNE";3;13;3;10
"YARDI SYSTEMS INC";"US149157844L";"US";6201;"Very large company";1984;"2017";"(1980,2000]";"Top";62;1;2017;4,01416079039138e-05;1;"3_1";"f10";10;0;NA;NA;2009;2017;1;23;4;13;4;11;"MNE";4;13;4;11
"YARDI SYSTEMS INC";"US149157844L";"US";6201;"Very large company";1984;"2017";"(1980,2000]";"Top";62;1;2017;4,01416079039138e-05;1;"3_1";"f11";10;0;0,652116402116402;0,644219977553311;2010;2017;1;23;4;13;4;11;"MNE";4;13;4;11
"YARDI SYSTEMS INC";"US149157844L";"US";6201;"Very large company";1984;"2017";"(1980,2000]";"Top";62;1;2017;4,01416079039138e-05;1;"3_1";"f12";10;0;0,652116402116402;0,644219977553311;2011;2017;1;23;4;13;4;11;"MNE";4;13;4;11
"YARDI SYSTEMS INC";"US149157844L";"US";6201;"Very large company";1984;"2017";"(1980,2000]";"Top";62;1;2017;4,01416079039138e-05;1;"3_1";"f13";10;0;0,652116402116402;0,644219977553311;2012;2017;1;23;4;13;4;11;"MNE";4;13;4;11
"YARDI SYSTEMS INC";"US149157844L";"US";6201;"Very large company";1984;"2017";"(1980,2000]";"Top";62;1;2017;4,01416079039138e-05;1;"3_1";"f14";10;0;0,652116402116402;0,644219977553311;2013;2017;1;23;4;13;4;11;"MNE";4;13;4;11
"YARDI SYSTEMS INC";"US149157844L";"US";6201;"Very large company";1984;"2017";"(1980,2000]";"Top";62;1;2017;4,01416079039138e-05;1;"3_1";"f15";10;0;0,652116402116402;0,644219977553311;2014;2017;1;23;4;13;4;11;"MNE";4;13;4;11
"YARDI SYSTEMS INC";"US149157844L";"US";6201;"Very large company";1984;"2017";"(1980,2000]";"Top";62;1;2017;4,01416079039138e-05;1;"3_1";"f16";11;0;1,39126984126984;1,4475220959596;2015;2017;1;23;4;13;4;11;"MNE";4;13;4;11
"YARDI SYSTEMS INC";"US149157844L";"US";6201;"Very large company";1984;"2017";"(1980,2000]";"Top";62;1;2017;4,01416079039138e-05;1;"3_1";"f17";11;0;1,39126984126984;1,4475220959596;2016;2017;1;23;4;13;4;11;"MNE";4;13;4;11
"YARDI SYSTEMS INC";"US149157844L";"US";6201;"Very large company";1984;"2017";"(1980,2000]";"Top";62;1;2017;4,01416079039138e-05;1;"3_1";"f18";14;1;1,63553867257571;1,68166361194684;2017;2017;1;23;5;15;5;15;"MNE";5;15;5;15
"YARDI SYSTEMS INC";"US149157844L";"US";6201;"Very large company";1984;"2017";"(1980,2000]";"Top";62;1;2017;4,01416079039138e-05;1;"3_1";"f19";14;1;1,63553867257571;1,68166361194684;2018;2017;1;23;5;15;5;14;"MNE";5;15;5;14
"YARDI SYSTEMS INC";"US149157844L";"US";6201;"Very large company";1984;"2017";"(1980,2000]";"Top";62;1;2017;4,01416079039138e-05;1;"3_1";"f20";14;1;1,63553867257571;1,68166361194684;2019;2017;1;23;6;16;6;15;"MNE";6;16;6;15
"FORESCOUT TECHNOLOGIES, INC.";"US510406800";"US";6201;"Very large company";2000;"Control";"(1980,2000]";"Top";62;0;2017;4,02165971043827e-05;1;"3_1";"f7";3;0;NA;NA;2006;0;1;24;2;12;2;8;"MNE";2;12;2;8
"FORESCOUT TECHNOLOGIES, INC.";"US510406800";"US";6201;"Very large company";2000;"Control";"(1980,2000]";"Top";62;0;2017;4,02165971043827e-05;1;"3_1";"f8";7;0;NA;NA;2007;0;1;24;2;12;2;8;"MNE";2;12;2;8
"FORESCOUT TECHNOLOGIES, INC.";"US510406800";"US";6201;"Very large company";2000;"Control";"(1980,2000]";"Top";62;0;2017;4,02165971043827e-05;1;"3_1";"f9";7;0;NA;NA;2008;0;1;24;2;12;2;8;"MNE";2;12;2;8
"FORESCOUT TECHNOLOGIES, INC.";"US510406800";"US";6201;"Very large company";2000;"Control";"(1980,2000]";"Top";62;0;2017;4,02165971043827e-05;1;"3_1";"f10";8;0;NA;NA;2009;0;1;24;2;12;2;8;"MNE";2;12;2;8
"FORESCOUT TECHNOLOGIES, INC.";"US510406800";"US";6201;"Very large company";2000;"Control";"(1980,2000]";"Top";62;0;2017;4,02165971043827e-05;1;"3_1";"f11";8;0;0;0;2010;0;1;24;2;12;2;8;"MNE";2;12;2;8
"FORESCOUT TECHNOLOGIES, INC.";"US510406800";"US";6201;"Very large company";2000;"Control";"(1980,2000]";"Top";62;0;2017;4,02165971043827e-05;1;"3_1";"f12";9;1;0;0;2011;0;1;24;2;12;2;8;"MNE";2;12;2;8
"FORESCOUT TECHNOLOGIES, INC.";"US510406800";"US";6201;"Very large company";2000;"Control";"(1980,2000]";"Top";62;0;2017;4,02165971043827e-05;1;"3_1";"f13";9;1;0;0;2012;0;1;24;2;12;2;8;"MNE";2;12;2;8
"FORESCOUT TECHNOLOGIES, INC.";"US510406800";"US";6201;"Very large company";2000;"Control";"(1980,2000]";"Top";62;0;2017;4,02165971043827e-05;1;"3_1";"f14";9;1;0;0;2013;0;1;24;2;12;2;8;"MNE";2;12;2;8
"FORESCOUT TECHNOLOGIES, INC.";"US510406800";"US";6201;"Very large company";2000;"Control";"(1980,2000]";"Top";62;0;2017;4,02165971043827e-05;1;"3_1";"f15";9;1;0;0;2014;0;1;24;2;13;2;8;"MNE";2;13;2;8
"FORESCOUT TECHNOLOGIES, INC.";"US510406800";"US";6201;"Very large company";2000;"Control";"(1980,2000]";"Top";62;0;2017;4,02165971043827e-05;1;"3_1";"f16";10;1;0;0;2015;0;1;24;2;14;2;9;"MNE";2;14;2;9
"FORESCOUT TECHNOLOGIES, INC.";"US510406800";"US";6201;"Very large company";2000;"Control";"(1980,2000]";"Top";62;0;2017;4,02165971043827e-05;1;"3_1";"f17";14;1;0,444444444444444;0,444444444444444;2016;0;1;24;2;14;2;9;"MNE";2;14;2;9
"FORESCOUT TECHNOLOGIES, INC.";"US510406800";"US";6201;"Very large company";2000;"Control";"(1980,2000]";"Top";62;0;2017;4,02165971043827e-05;1;"3_1";"f18";17;2;0,888888888888889;0,888888888888889;2017;0;1;24;2;14;2;9;"MNE";2;14;2;9
"FORESCOUT TECHNOLOGIES, INC.";"US510406800";"US";6201;"Very large company";2000;"Control";"(1980,2000]";"Top";62;0;2017;4,02165971043827e-05;1;"3_1";"f19";26;11;0,959435626102293;0,959435626102293;2018;0;1;24;7;25;7;19;"MNE";7;25;7;19
"FORESCOUT TECHNOLOGIES, INC.";"US510406800";"US";6201;"Very large company";2000;"Control";"(1980,2000]";"Top";62;0;2017;4,02165971043827e-05;1;"3_1";"f20";29;13;0,977777777777778;0,977777777777778;2019;0;1;24;7;25;7;19;"MNE";7;25;7;19
